Province,district,reported year,reported_Month,month's id,Stocked_Out_Facilities
Central,Chibombo,2018,Jul,7,8
Central,Mumbwa,2018,Aug,8,9
Copperbelt,Chingola,2018,Jul,7,9
Copperbelt,Mufulira,2018,Sep,9,10
Eastern,Chipata,2018,Jul,7,2
Eastern,Chipata,2018,Aug,8,8
Eastern,Chipata,2018,Sep,9,2
Eastern,Lundazi,2018,Aug,8,1
Eastern,Mambwe,2018,Jul,7,1
Eastern,Mambwe,2018,Aug,8,11
Eastern,Mambwe,2018,Sep,9,10
Eastern,Nyimba,2018,Jul,7,15
Eastern,Nyimba,2018,Aug,8,12
Eastern,Petauke,2018,Jul,7,10
Eastern,Petauke,2018,Sep,9,1
Eastern,Vubwi,2018,Aug,8,12
Luapula,Chembe,2018,Jul,7,4
Luapula,Chembe,2018,Aug,8,8
Luapula,Chembe,2018,Sep,9,15
Luapula,Kawambwa,2018,Jul,7,0
Luapula,Kawambwa,2018,Aug,8,5
Luapula,Mansa,2018,Sep,9,1
Luapula,Nchelenge,2018,Sep,9,14
Lusaka,Chilanga,2018,Aug,8,2
Lusaka,Chongwe,2018,Jul,7,6
Lusaka,Chongwe,2018,Aug,8,2
Lusaka,Chongwe,2018,Sep,9,10
Lusaka,Kafue,2018,Sep,9,14
Lusaka,Luangwa,2018,Sep,9,2
Lusaka,Lusaka ,2018,Jul,7,0
Lusaka,Lusaka ,2018,Aug,8,11
Lusaka,Rufunsa,2018,Aug,8,1
Lusaka,Shibuyunji,2018,Aug,8,8
Muchinga,Chama,2018,Aug,8,12
North Western,Kabompo,2018,Jul,7,4
North Western,Kabompo,2018,Aug,8,4
North Western,Kabompo,2018,Sep,9,13
North Western,Kalumbila,2018,Aug,8,8
Northern,Chilubi,2018,Jul,7,12
Northern,Chilubi,2018,Aug,8,13
Northern,Kasama,2018,Jul,7,14
Northern,Kasama,2018,Aug,8,7
Northern,Mporokoso,2018,Sep,9,3
Northern,Mungwi,2018,Aug,8,10
Southern,Choma,2018,Aug,8,8
Southern,Choma,2018,Sep,9,15
Southern,Gwembe,2018,Jul,7,2
Southern,Gwembe,2018,Aug,8,3
Southern,Gwembe,2018,Sep,9,13
Southern,Kalomo,2018,Jul,7,2
Southern,Kalomo,2018,Sep,9,2
Southern,Kazungula,2018,Jul,7,10
Southern,Kazungula,2018,Aug,8,12
Southern,Livingstone,2018,Aug,8,4
Southern,Livingstone,2018,Sep,9,8
Southern,Mazabuka,2018,Jul,7,1
Southern,Mazabuka,2018,Sep,9,1
Southern,Monze,2018,Jul,7,2
Southern,Monze,2018,Sep,9,6
Southern,Namwala,2018,Sep,9,8
Southern,Pemba,2018,Jul,7,7
Southern,Pemba,2018,Sep,9,7
Southern,Sinazongwe,2018,Sep,9,12
Western,Kalabo,2018,Sep,9,5
Western,Limulunga,2018,Sep,9,6
Western,Mitete,2018,Jul,7,11
Western,Nalolo,2018,Sep,9,14
Central,Chibombo,2018,Oct,,5
Central,Chibombo,2018,Nov,,13
Central,Chibombo,2018,Dec,,14
Central,Chibombo,2019,Jan,,10
Central,Chibombo,2019,Feb,,15
Central,Chibombo,2019,Mar,,7
Central,Chisamba,2018,Oct,,15
Central,Chisamba,2018,Nov,,2
Central,Chisamba,2018,Dec,,14
Central,Chisamba,2019,Jan,,4
Central,Chisamba,2019,Feb,,6
Central,Chisamba,2019,Mar,,2
Central,Chitambo,2018,Oct,,4
Central,Chitambo,2018,Nov,,4
Central,Chitambo,2018,Dec,,12
Central,Chitambo,2019,Jan,,14
Central,Chitambo,2019,Feb,,8
Central,Chitambo,2019,Mar,,15
Central,Itezhi-tezhi,2018,Oct,,8
Central,Itezhi-tezhi,2018,Nov,,15
Central,Itezhi-tezhi,2018,Dec,,0
Central,Itezhi-tezhi,2019,Jan,,7
Central,Itezhi-tezhi,2019,Feb,,1
Central,Itezhi-tezhi,2019,Mar,,14
Central,Kabwe,2018,Nov,,8
Central,Kabwe,2018,Dec,,5
Central,Kabwe,2019,Jan,,1
Central,Kabwe,2019,Feb,,2
Central,Kapiri Mposhi,2018,Oct,,7
Central,Kapiri Mposhi,2018,Nov,,13
Central,Kapiri Mposhi,2018,Dec,,3
Central,Kapiri Mposhi,2019,Jan,,1
Central,Kapiri Mposhi,2019,Feb,,8
Central,Kapiri Mposhi,2019,Mar,,7
Central,Luano,2018,Oct,,0
Central,Luano,2018,Nov,,11
Central,Luano,2018,Dec,,7
Central,Luano,2019,Jan,,14
Central,Luano,2019,Feb,,3
Central,Luano,2019,Mar,,3
Central,Mkushi,2018,Oct,,7
Central,Mkushi,2018,Nov,,0
Central,Mkushi,2018,Dec,,10
Central,Mkushi,2019,Jan,,9
Central,Mkushi,2019,Feb,,15
Central,Mkushi,2019,Mar,,10
Central,Mumbwa,2018,Oct,,15
Central,Mumbwa,2018,Nov,,12
Central,Mumbwa,2018,Dec,,8
Central,Mumbwa,2019,Jan,,14
Central,Mumbwa,2019,Feb,,12
Central,Mumbwa,2019,Mar,,2
Central,Serenje,2018,Oct,,11
Central,Serenje,2018,Nov,,13
Central,Serenje,2018,Dec,,4
Central,Serenje,2019,Jan,,1
Central,Serenje,2019,Feb,,1
Central,Serenje,2019,Mar,,2
Copperbelt,Chililabombwe,2018,Oct,,5
Copperbelt,Chililabombwe,2018,Nov,,9
Copperbelt,Chililabombwe,2018,Dec,,9
Copperbelt,Chililabombwe,2019,Jan,,10
Copperbelt,Chililabombwe,2019,Feb,,3
Copperbelt,Chililabombwe,2019,Mar,,9
Copperbelt,Chingola,2018,Nov,,7
Copperbelt,Chingola,2018,Dec,,7
Copperbelt,Chingola,2019,Jan,,9
Copperbelt,Chingola,2019,Feb,,12
Copperbelt,Chingola,2019,Mar,,7
Copperbelt,Kalulushi,2018,Oct,,13
Copperbelt,Kalulushi,2018,Nov,,3
Copperbelt,Kalulushi,2018,Dec,,5
Copperbelt,Kalulushi,2019,Jan,,15
Copperbelt,Kalulushi,2019,Feb,,7
Copperbelt,Kalulushi,2019,Mar,,4
Copperbelt,Kitwe,2018,Oct,,10
Copperbelt,Kitwe,2018,Nov,,12
Copperbelt,Kitwe,2018,Dec,,5
Copperbelt,Kitwe,2019,Jan,,14
Copperbelt,Kitwe,2019,Feb,,7
Copperbelt,Kitwe,2019,Mar,,2
Copperbelt,Luanshya,2018,Oct,,4
Copperbelt,Luanshya,2018,Nov,,12
Copperbelt,Luanshya,2018,Dec,,6
Copperbelt,Luanshya,2019,Jan,,1
Copperbelt,Luanshya,2019,Feb,,3
Copperbelt,Luanshya,2019,Mar,,12
Copperbelt,Lufwanyama,2018,Oct,,4
Copperbelt,Lufwanyama,2018,Nov,,15
Copperbelt,Lufwanyama,2018,Dec,,3
Copperbelt,Lufwanyama,2019,Jan,,11
Copperbelt,Lufwanyama,2019,Feb,,15
Copperbelt,Lufwanyama,2019,Mar,,3
Copperbelt,Masaiti,2018,Oct,,6
Copperbelt,Masaiti,2018,Dec,,15
Copperbelt,Masaiti,2019,Jan,,8
Copperbelt,Masaiti,2019,Feb,,3
Copperbelt,Masaiti,2019,Mar,,15
Copperbelt,Mpongwe,2018,Oct,,7
Copperbelt,Mpongwe,2018,Nov,,6
Copperbelt,Mpongwe,2019,Jan,,13
Copperbelt,Mpongwe,2019,Feb,,12
Copperbelt,Mpongwe,2019,Mar,,12
Copperbelt,Mufulira,2018,Oct,,8
Copperbelt,Mufulira,2018,Nov,,0
Copperbelt,Mufulira,2018,Dec,,12
Copperbelt,Mufulira,2019,Jan,,10
Copperbelt,Mufulira,2019,Feb,,2
Copperbelt,Mufulira,2019,Mar,,5
Copperbelt,Ndola,2018,Oct,,12
Copperbelt,Ndola,2018,Nov,,13
Copperbelt,Ndola,2018,Dec,,3
Copperbelt,Ndola,2019,Jan,,7
Copperbelt,Ndola,2019,Feb,,0
Copperbelt,Ndola,2019,Mar,,15
Eastern,Chadiza,2018,Oct,,15
Eastern,Chadiza,2018,Nov,,9
Eastern,Chadiza,2018,Dec,,8
Eastern,Chadiza,2019,Jan,,12
Eastern,Chadiza,2019,Feb,,7
Eastern,Chadiza,2019,Mar,,7
Eastern,Chipata,2018,Oct,,15
Eastern,Chipata,2018,Nov,,1
Eastern,Chipata,2018,Dec,,5
Eastern,Chipata,2019,Jan,,8
Eastern,Chipata,2019,Feb,,6
Eastern,Chipata,2019,Mar,,0
Eastern,Katete,2018,Oct,,14
Eastern,Katete,2018,Nov,,9
Eastern,Katete,2018,Dec,,10
Eastern,Katete,2019,Jan,,8
Eastern,Katete,2019,Feb,,1
Eastern,Katete,2019,Mar,,6
Eastern,Lundazi,2018,Oct,,9
Eastern,Lundazi,2018,Nov,,12
Eastern,Lundazi,2018,Dec,,12
Eastern,Lundazi,2019,Jan,,5
Eastern,Lundazi,2019,Mar,,13
Eastern,Mambwe,2018,Oct,,7
Eastern,Mambwe,2018,Nov,,9
Eastern,Mambwe,2018,Dec,,6
Eastern,Mambwe,2019,Jan,,13
Eastern,Mambwe,2019,Feb,,1
Eastern,Mambwe,2019,Mar,,1
Eastern,Nyimba,2018,Oct,,5
Eastern,Nyimba,2018,Nov,,5
Eastern,Nyimba,2018,Dec,,1
Eastern,Nyimba,2019,Jan,,9
Eastern,Nyimba,2019,Feb,,10
Eastern,Nyimba,2019,Mar,,10
Eastern,Petauke,2018,Oct,,3
Eastern,Petauke,2018,Nov,,14
Eastern,Petauke,2018,Dec,,5
Eastern,Petauke,2019,Jan,,11
Eastern,Petauke,2019,Feb,,10
Eastern,Petauke,2019,Mar,,5
Eastern,Sinda,2018,Oct,,12
Eastern,Sinda,2018,Nov,,3
Eastern,Sinda,2019,Jan,,7
Eastern,Sinda,2019,Feb,,4
Eastern,Sinda,2019,Mar,,4
Eastern,Vubwi,2018,Dec,,4
Eastern,Vubwi,2019,Jan,,15
Eastern,Vubwi,2019,Feb,,8
Eastern,Vubwi,2019,Mar,,5
Luapula,Chembe,2018,Nov,,4
Luapula,Chembe,2018,Dec,,1
Luapula,Chiengi,2018,Oct,,12
Luapula,Chiengi,2018,Nov,,14
Luapula,Chiengi,2018,Dec,,4
Luapula,Chiengi,2019,Jan,,9
Luapula,Chiengi,2019,Mar,,8
Luapula,Kawambwa,2018,Oct,,8
Luapula,Kawambwa,2018,Nov,,12
Luapula,Kawambwa,2018,Dec,,11
Luapula,Kawambwa,2019,Jan,,8
Luapula,Kawambwa,2019,Feb,,3
Luapula,Kawambwa,2019,Mar,,13
Luapula,Mansa,2018,Dec,,11
Luapula,Mansa,2019,Jan,,10
Luapula,Mansa,2019,Feb,,13
Luapula,Milenge,2018,Oct,,9
Luapula,Milenge,2018,Nov,,7
Luapula,Milenge,2018,Dec,,6
Luapula,Milenge,2019,Jan,,12
Luapula,Milenge,2019,Feb,,3
Luapula,Milenge,2019,Mar,,1
Luapula,Mwansabombwe,2018,Oct,,15
Luapula,Mwansabombwe,2018,Nov,,10
Luapula,Mwansabombwe,2018,Dec,,15
Luapula,Mwansabombwe,2019,Jan,,4
Luapula,Mwansabombwe,2019,Feb,,4
Luapula,Mwansabombwe,2019,Mar,,8
Luapula,Mwense,2018,Oct,,8
Luapula,Mwense,2018,Nov,,13
Luapula,Mwense,2018,Dec,,4
Luapula,Mwense,2019,Jan,,14
Luapula,Mwense,2019,Feb,,7
Luapula,Mwense,2019,Mar,,6
Luapula,Nchelenge,2018,Oct,,6
Luapula,Nchelenge,2018,Nov,,13
Luapula,Nchelenge,2018,Dec,,9
Luapula,Nchelenge,2019,Jan,,3
Luapula,Nchelenge,2019,Feb,,4
Luapula,Nchelenge,2019,Mar,,14
Luapula,Samfya,2018,Oct,,10
Luapula,Samfya,2018,Nov,,0
Luapula,Samfya,2018,Dec,,2
Luapula,Samfya,2019,Jan,,2
Luapula,Samfya,2019,Feb,,5
Luapula,Samfya,2019,Mar,,6
Lusaka,Chilanga,2018,Oct,,14
Lusaka,Chilanga,2018,Nov,,8
Lusaka,Chilanga,2018,Dec,,15
Lusaka,Chilanga,2019,Jan,,13
Lusaka,Chilanga,2019,Feb,,2
Lusaka,Chilanga,2019,Mar,,8
Lusaka,Chirundu,2018,Oct,,15
Lusaka,Chirundu,2018,Nov,,11
Lusaka,Chirundu,2018,Dec,,14
Lusaka,Chirundu,2019,Jan,,14
Lusaka,Chirundu,2019,Feb,,0
Lusaka,Chirundu,2019,Mar,,15
Lusaka,Chongwe,2018,Oct,,7
Lusaka,Chongwe,2018,Nov,,5
Lusaka,Chongwe,2018,Dec,,9
Lusaka,Chongwe,2019,Jan,,1
Lusaka,Chongwe,2019,Feb,,2
Lusaka,Chongwe,2019,Mar,,14
Lusaka,Kafue,2018,Oct,,10
Lusaka,Kafue,2018,Nov,,13
Lusaka,Kafue,2018,Dec,,4
Lusaka,Kafue,2019,Jan,,14
Lusaka,Kafue,2019,Feb,,8
Lusaka,Kafue,2019,Mar,,1
Lusaka,Luangwa,2018,Oct,,9
Lusaka,Luangwa,2018,Nov,,14
Lusaka,Luangwa,2018,Dec,,15
Lusaka,Luangwa,2019,Jan,,12
Lusaka,Luangwa,2019,Mar,,3
Lusaka,Lusaka,2018,Oct,,10
Lusaka,Lusaka,2018,Nov,,6
Lusaka,Lusaka,2018,Dec,,2
Lusaka,Lusaka,2019,Jan,,8
Lusaka,Lusaka,2019,Feb,,4
Lusaka,Lusaka,2019,Mar,,15
Lusaka,Rufunsa,2018,Oct,,5
Lusaka,Rufunsa,2018,Dec,,14
Lusaka,Rufunsa,2019,Jan,,15
Lusaka,Rufunsa,2019,Mar,,2
Lusaka,Shibuyunji,2018,Oct,,5
Lusaka,Shibuyunji,2018,Nov,,4
Lusaka,Shibuyunji,2018,Dec,,12
Lusaka,Shibuyunji,2019,Jan,,0
Lusaka,Shibuyunji,2019,Feb,,8
Lusaka,Shibuyunji,2019,Mar,,0
Muchinga,Chama,2018,Oct,,14
Muchinga,Chama,2018,Nov,,13
Muchinga,Chama,2018,Dec,,6
Muchinga,Chama,2019,Jan,,15
Muchinga,Chama,2019,Feb,,6
Muchinga,Chama,2019,Mar,,0
Muchinga,Chinsali,2018,Oct,,0
Muchinga,Chinsali,2018,Nov,,7
Muchinga,Chinsali,2018,Dec,,7
Muchinga,Chinsali,2019,Jan,,0
Muchinga,Chinsali,2019,Feb,,0
Muchinga,Chinsali,2019,Mar,,9
Muchinga,Isoka,2018,Oct,,9
Muchinga,Isoka,2018,Nov,,7
Muchinga,Isoka,2018,Dec,,9
Muchinga,Isoka,2019,Jan,,0
Muchinga,Isoka,2019,Feb,,1
Muchinga,Isoka,2019,Mar,,9
Muchinga,Kanchibiya,2018,Oct,,8
Muchinga,Kanchibiya,2018,Nov,,5
Muchinga,Kanchibiya,2018,Dec,,13
Muchinga,Kanchibiya,2019,Jan,,4
Muchinga,Kanchibiya,2019,Feb,,2
Muchinga,Kanchibiya,2019,Mar,,13
Muchinga,Lavushi Manda,2018,Oct,,7
Muchinga,Lavushi Manda,2018,Nov,,10
Muchinga,Lavushi Manda,2018,Dec,,3
Muchinga,Lavushi Manda,2019,Jan,,15
Muchinga,Lavushi Manda,2019,Feb,,4
Muchinga,Lavushi Manda,2019,Mar,,8
Muchinga,Mafinga,2018,Nov,,12
Muchinga,Mafinga,2018,Dec,,7
Muchinga,Mafinga,2019,Jan,,6
Muchinga,Nakonde,2018,Oct,,2
Muchinga,Nakonde,2018,Nov,,1
Muchinga,Nakonde,2018,Dec,,11
Muchinga,Nakonde,2019,Jan,,0
Muchinga,Nakonde,2019,Feb,,6
Muchinga,Nakonde,2019,Mar,,0
Muchinga,Shiwangandu,2018,Oct,,3
Muchinga,Shiwangandu,2018,Dec,,7
Muchinga,Shiwangandu,2019,Jan,,3
Muchinga,Shiwangandu,2019,Feb,,13
Muchinga,Shiwangandu,2019,Mar,,6
North Western,Chavuma,2018,Dec,,12
North Western,Chavuma,2019,Jan,,1
North Western,Chavuma,2019,Feb,,13
North Western,Chavuma,2019,Mar,,7
North Western,Ikelenge,2018,Oct,,5
North Western,Ikelenge,2018,Nov,,8
North Western,Ikelenge,2018,Dec,,14
North Western,Ikelenge,2019,Jan,,9
North Western,Ikelenge,2019,Feb,,8
North Western,Ikelenge,2019,Mar,,10
North Western,Kabompo,2018,Oct,,13
North Western,Kabompo,2018,Nov,,10
North Western,Kabompo,2018,Dec,,1
North Western,Kabompo,2019,Jan,,13
North Western,Kabompo,2019,Feb,,14
North Western,Kabompo,2019,Mar,,5
North Western,Kalumbila,2018,Oct,,2
North Western,Kalumbila,2018,Dec,,10
North Western,Kalumbila,2019,Jan,,0
North Western,Kalumbila,2019,Feb,,5
North Western,Kalumbila,2019,Mar,,5
North Western,Kasempa,2018,Nov,,1
North Western,Kasempa,2018,Dec,,4
North Western,Kasempa,2019,Jan,,0
North Western,Kasempa,2019,Feb,,6
North Western,Kasempa,2019,Mar,,1
North Western,Manyinga,2018,Nov,,11
North Western,Manyinga,2019,Jan,,6
North Western,Manyinga,2019,Feb,,1
North Western,Manyinga,2019,Mar,,12
North Western,Mufumbwe,2018,Oct,,8
North Western,Mufumbwe,2018,Dec,,10
North Western,Mufumbwe,2019,Jan,,3
North Western,Mufumbwe,2019,Feb,,13
North Western,Mufumbwe,2019,Mar,,11
North Western,Mushindano,2018,Oct,,6
North Western,Mushindano,2018,Nov,,2
North Western,Mushindano,2018,Dec,,8
North Western,Mushindano,2019,Jan,,5
North Western,Mushindano,2019,Feb,,15
North Western,Mushindano,2019,Mar,,15
North Western,Mwinilunga,2018,Oct,,9
North Western,Mwinilunga,2018,Nov,,8
North Western,Mwinilunga,2018,Dec,,11
North Western,Mwinilunga,2019,Jan,,2
North Western,Mwinilunga,2019,Feb,,6
North Western,Mwinilunga,2019,Mar,,6
North Western,Solwezi,2018,Oct,,5
North Western,Solwezi,2018,Nov,,6
North Western,Solwezi,2018,Dec,,11
North Western,Solwezi,2019,Jan,,0
North Western,Solwezi,2019,Feb,,10
North Western,Solwezi,2019,Mar,,8
Northern,Chilubi,2018,Oct,,9
Northern,Chilubi,2018,Nov,,2
Northern,Chilubi,2018,Dec,,3
Northern,Chilubi,2019,Jan,,3
Northern,Chilubi,2019,Feb,,5
Northern,Chilubi,2019,Mar,,11
Northern,Kaputa,2018,Oct,,8
Northern,Kaputa,2019,Feb,,11
Northern,Kaputa,2019,Mar,,2
Northern,Luwingu,2018,Oct,,12
Northern,Luwingu,2018,Nov,,14
Northern,Luwingu,2018,Dec,,5
Northern,Luwingu,2019,Jan,,13
Northern,Luwingu,2019,Feb,,15
Northern,Luwingu,2019,Mar,,11
Northern,Mbala,2018,Oct,,5
Northern,Mbala,2018,Nov,,9
Northern,Mbala,2018,Dec,,5
Northern,Mbala,2019,Feb,,14
Northern,Mbala,2019,Mar,,3
Northern,Mporokoso,2018,Oct,,12
Northern,Mporokoso,2018,Nov,,11
Northern,Mporokoso,2018,Dec,,10
Northern,Mporokoso,2019,Jan,,2
Northern,Mporokoso,2019,Feb,,4
Northern,Mporokoso,2019,Mar,,8
Northern,Mpulungu,2018,Oct,,0
Northern,Mpulungu,2018,Nov,,11
Northern,Mpulungu,2018,Dec,,14
Northern,Mpulungu,2019,Jan,,5
Northern,Mpulungu,2019,Feb,,11
Northern,Mpulungu,2019,Mar,,14
Northern,Mungwi,2018,Oct,,15
Northern,Mungwi,2018,Nov,,7
Northern,Mungwi,2018,Dec,,12
Northern,Mungwi,2019,Jan,,3
Northern,Mungwi,2019,Feb,,13
Northern,Mungwi,2019,Mar,,9
Northern,Nsama,2018,Oct,,6
Northern,Nsama,2018,Nov,,9
Northern,Nsama,2018,Dec,,15
Northern,Nsama,2019,Jan,,13
Northern,Nsama,2019,Feb,,13
Northern,Nsama,2019,Mar,,3
Northern,Senga Hill,2018,Dec,,5
Northern,Senga Hill,2019,Jan,,4
Northern,Senga Hill,2019,Feb,,0
Northern,Senga Hill,2019,Mar,,5
Southern,Chikankata,2018,Oct,,1
Southern,Chikankata,2018,Nov,,1
Southern,Chikankata,2018,Dec,,9
Southern,Chikankata,2019,Jan,,10
Southern,Chikankata,2019,Feb,,9
Southern,Chikankata,2019,Mar,,12
Southern,Choma,2018,Oct,,2
Southern,Choma,2018,Nov,,3
Southern,Choma,2018,Dec,,5
Southern,Choma,2019,Jan,,14
Southern,Choma,2019,Feb,,8
Southern,Choma,2019,Mar,,9
Southern,Gwembe,2018,Oct,,5
Southern,Gwembe,2018,Nov,,15
Southern,Gwembe,2018,Dec,,6
Southern,Gwembe,2019,Jan,,14
Southern,Gwembe,2019,Feb,,2
Southern,Gwembe,2019,Mar,,0
Southern,Kalomo,2018,Oct,,1
Southern,Kalomo,2018,Nov,,11
Southern,Kalomo,2018,Dec,,11
Southern,Kalomo,2019,Jan,,2
Southern,Kalomo,2019,Feb,,4
Southern,Kalomo,2019,Mar,,9
Southern,Kazungula,2018,Oct,,10
Southern,Kazungula,2018,Nov,,2
Southern,Kazungula,2018,Dec,,8
Southern,Kazungula,2019,Jan,,0
Southern,Kazungula,2019,Feb,,4
Southern,Kazungula,2019,Mar,,6
Southern,Livingstone,2018,Oct,,12
Southern,Livingstone,2018,Nov,,0
Southern,Livingstone,2018,Dec,,8
Southern,Livingstone,2019,Jan,,13
Southern,Livingstone,2019,Feb,,8
Southern,Livingstone,2019,Mar,,11
Southern,Mazabuka,2018,Oct,,11
Southern,Mazabuka,2018,Nov,,7
Southern,Mazabuka,2018,Dec,,14
Southern,Mazabuka,2019,Jan,,12
Southern,Mazabuka,2019,Feb,,2
Southern,Mazabuka,2019,Mar,,13
Southern,Monze,2018,Oct,,12
Southern,Monze,2018,Nov,,10
Southern,Monze,2018,Dec,,5
Southern,Monze,2019,Jan,,9
Southern,Monze,2019,Feb,,6
Southern,Monze,2019,Mar,,14
Southern,Namwala,2018,Oct,,11
Southern,Namwala,2018,Nov,,10
Southern,Namwala,2018,Dec,,2
Southern,Namwala,2019,Jan,,15
Southern,Namwala,2019,Feb,,2
Southern,Namwala,2019,Mar,,2
Southern,Pemba,2018,Oct,,10
Southern,Pemba,2018,Nov,,2
Southern,Pemba,2018,Dec,,10
Southern,Pemba,2019,Jan,,12
Southern,Pemba,2019,Feb,,12
Southern,Siavonga,2018,Oct,,2
Southern,Siavonga,2018,Nov,,6
Southern,Siavonga,2018,Dec,,6
Southern,Siavonga,2019,Jan,,14
Southern,Siavonga,2019,Feb,,9
Southern,Siavonga,2019,Mar,,8
Southern,Sinazongwe,2018,Oct,,6
Southern,Sinazongwe,2018,Nov,,14
Southern,Sinazongwe,2018,Dec,,4
Southern,Sinazongwe,2019,Jan,,8
Southern,Sinazongwe,2019,Feb,,7
Southern,Sinazongwe,2019,Mar,,9
Southern,Zimba,2018,Oct,,14
Southern,Zimba,2018,Nov,,15
Southern,Zimba,2018,Dec,,7
Southern,Zimba,2019,Jan,,1
Southern,Zimba,2019,Feb,,7
Southern,Zimba,2019,Mar,,9
Western,Kalabo,2018,Oct,,1
Western,Kalabo,2018,Nov,,9
Western,Kalabo,2018,Dec,,10
Western,Kalabo,2019,Jan,,7
Western,Kalabo,2019,Feb,,0
Western,Kalabo,2019,Mar,,7
Western,Kaoma,2018,Nov,,2
Western,Kaoma,2018,Dec,,6
Western,Kaoma,2019,Jan,,12
Western,Kaoma,2019,Feb,,8
Western,Kaoma,2019,Mar,,10
Western,Luampa,2018,Oct,,9
Western,Luampa,2018,Nov,,1
Western,Luampa,2018,Dec,,6
Western,Luampa,2019,Jan,,7
Western,Luampa,2019,Feb,,0
Western,Luampa,2019,Mar,,3
Western,Lukulu,2018,Nov,,6
Western,Lukulu,2018,Dec,,9
Western,Lukulu,2019,Jan,,2
Western,Lukulu,2019,Feb,,1
Western,Lukulu,2019,Mar,,9
Western,Mitete,2018,Oct,,12
Western,Mitete,2018,Nov,,5
Western,Mitete,2018,Dec,,7
Western,Mitete,2019,Jan,,7
Western,Mitete,2019,Feb,,10
Western,Mitete,2019,Mar,,0
Western,Mongu,2018,Oct,,2
Western,Mongu,2018,Nov,,1
Western,Mongu,2018,Dec,,5
Western,Mongu,2019,Jan,,8
Western,Mongu,2019,Feb,,7
Western,Mongu,2019,Mar,,1
Western,Mulobezi,2018,Oct,,6
Western,Mulobezi,2018,Nov,,6
Western,Mulobezi,2018,Dec,,9
Western,Mulobezi,2019,Jan,,6
Western,Mulobezi,2019,Feb,,11
Western,Mulobezi,2019,Mar,,3
Western,Mwandi,2018,Oct,,7
Western,Mwandi,2018,Nov,,2
Western,Mwandi,2019,Feb,,14
Western,Mwandi,2019,Mar,,3
Western,Nalolo,2018,Oct,,11
Western,Nalolo,2018,Nov,,6
Western,Nalolo,2018,Dec,,9
Western,Nalolo,2019,Jan,,10
Western,Nalolo,2019,Feb,,2
Western,Nkeyema,2018,Oct,,8
Western,Nkeyema,2019,Jan,,10
Western,Senanga,2018,Dec,,6
Western,Senanga,2019,Jan,,12
Western,Senanga,2019,Feb,,7
Western,Senanga,2019,Mar,,2
Western,Sesheke,2018,Oct,,4
Western,Sesheke,2019,Feb,,8
Western,Sesheke,2019,Mar,,12
Western,Shang'ombo,2018,Oct,,1
Western,Shang'ombo,2018,Nov,,13
Western,Shang'ombo,2018,Dec,,3
Western,Shang'ombo,2019,Jan,,14
Western,Shang'ombo,2019,Feb,,1
Western,Shang'ombo,2019,Mar,,6
Western,Sikongo,2018,Oct,,8
Western,Sikongo,2018,Nov,,9
Western,Sikongo,2019,Jan,,15
Western,Sikongo,2019,Mar,,9
Western,Sioma,2018,Oct,,2
Western,Sioma,2018,Nov,,11
Western,Sioma,2018,Dec,,8
Western,Sioma,2019,Feb,,0
Central,Chibombo,2019,Apr,4,15
Central,Chibombo,2019,May,5,5
Central,Chibombo,2019,Jun,6,0
Central,Chibombo,2019,Jul,7,5
Central,Chibombo,2019,Aug,8,7
Central,Chibombo,2019,Sep,9,0
Central,Chitambo,2019,May,5,11
Central,Chitambo,2019,Jun,6,4
Central,Chitambo,2019,Jul,7,5
Central,Itezhi-tezhi,2019,May,5,0
Central,Itezhi-tezhi,2019,Jun,6,0
Central,Itezhi-tezhi,2019,Jul,7,8
Central,Itezhi-tezhi,2019,Aug,8,15
Central,Itezhi-tezhi,2019,Sep,9,9
Central,Kapiri Mposhi,2019,Apr,4,6
Central,Kapiri Mposhi,2019,May,5,15
Central,Kapiri Mposhi,2019,Jun,6,1
Central,Kapiri Mposhi,2019,Sep,9,13
Central,Mkushi,2019,Apr,4,12
Central,Mkushi,2019,May,5,12
Central,Mkushi,2019,Jun,6,0
Central,Mkushi,2019,Jul,7,9
Central,Mkushi,2019,Aug,8,5
Central,Mkushi,2019,Sep,9,13
Central,Mumbwa,2019,Apr,4,10
Central,Mumbwa,2019,May,5,12
Central,Mumbwa,2019,Jul,7,11
Central,Mumbwa,2019,Aug,8,9
Central,Mumbwa,2019,Sep,9,14
Central,Serenje,2019,Apr,4,15
Copperbelt,Chililabombwe,2019,Jun,6,6
Copperbelt,Chingola,2019,Apr,4,13
Copperbelt,Chingola,2019,Aug,8,12
Copperbelt,Kalulushi,2019,Apr,4,3
Copperbelt,Kalulushi,2019,May,5,9
Copperbelt,Kalulushi,2019,Jun,6,8
Copperbelt,Kalulushi,2019,Jul,7,9
Copperbelt,Kalulushi,2019,Aug,8,7
Copperbelt,Kalulushi,2019,Sep,9,1
Copperbelt,Kitwe,2019,Apr,4,3
Copperbelt,Kitwe,2019,May,5,7
Copperbelt,Kitwe,2019,Jul,7,13
Copperbelt,Luanshya,2019,Apr,4,7
Copperbelt,Luanshya,2019,May,5,15
Copperbelt,Masaiti,2019,Apr,4,6
Copperbelt,Masaiti,2019,May,5,12
Copperbelt,Masaiti,2019,Jun,6,15
Copperbelt,Mpongwe,2019,Apr,4,5
Copperbelt,Mpongwe,2019,May,5,10
Copperbelt,Mpongwe,2019,Jun,6,3
Copperbelt,Mpongwe,2019,Jul,7,9
Copperbelt,Mufulira,2019,May,5,4
Copperbelt,Mufulira,2019,Jun,6,8
Eastern,Chasefu,2019,Apr,4,15
Eastern,Chasefu,2019,May,5,15
Eastern,Chipangali,2019,May,5,10
Eastern,Chipata,2019,Apr,4,14
Eastern,Chipata,2019,May,5,15
Eastern,Chipata,2019,Jun,6,2
Eastern,Chipata,2019,Aug,8,15
Eastern,Chipata,2019,Sep,9,7
Eastern,Katete,2019,May,5,3
Eastern,Lumezi,2019,Apr,4,8
Eastern,Lumezi,2019,May,5,12
Eastern,Lundazi,2019,Apr,4,3
Eastern,Lundazi,2019,May,5,12
Eastern,Lundazi,2019,Jul,7,11
Eastern,Mambwe,2019,May,5,1
Eastern,Nyimba,2019,May,5,12
Eastern,Petauke,2019,May,5,0
Eastern,Petauke,2019,Jun,6,10
Eastern,Sinda,2019,May,5,11
Eastern,Sinda,2019,Jun,6,12
Eastern,Sinda,2019,Jul,7,5
Luapula,Chembe,2019,Jun,6,12
Luapula,Chembe,2019,Sep,9,5
Luapula,Chiengi,2019,Apr,4,4
Luapula,Chiengi,2019,Jul,7,5
Luapula,Chiengi,2019,Aug,8,5
Luapula,Mansa,2019,Apr,4,12
Luapula,Mansa,2019,May,5,8
Luapula,Mansa,2019,Jul,7,15
Luapula,Mwansabombwe,2019,Sep,9,6
Luapula,Nchelenge,2019,May,5,3
Lusaka,Chilanga,2019,Apr,4,10
Lusaka,Chilanga,2019,Jul,7,5
Lusaka,Chilanga,2019,Aug,8,1
Lusaka,Chilanga,2019,Sep,9,7
Lusaka,Chirundu,2019,Apr,4,1
Lusaka,Chirundu,2019,Jul,7,15
Lusaka,Chirundu,2019,Aug,8,9
Lusaka,Chirundu,2019,Sep,9,7
Lusaka,Chongwe,2019,Apr,4,0
Lusaka,Chongwe,2019,May,5,9
Lusaka,Chongwe,2019,Jun,6,10
Lusaka,Chongwe,2019,Jul,7,12
Lusaka,Chongwe,2019,Aug,8,4
Lusaka,Luangwa,2019,Apr,4,15
Lusaka,Luangwa,2019,Jun,6,3
Lusaka,Rufunsa,2019,Apr,4,14
Muchinga,Chama,2019,Apr,4,1
Muchinga,Chama,2019,May,5,2
Muchinga,Isoka,2019,May,5,13
Muchinga,Isoka,2019,Jun,6,14
Muchinga,Isoka,2019,Jul,7,11
Muchinga,Isoka,2019,Sep,9,8
Muchinga,Kanchibiya,2019,May,5,10
Muchinga,Lavushi Manda,2019,Jun,6,3
Muchinga,Lavushi Manda,2019,Aug,8,5
Muchinga,Shiwangandu,2019,May,5,2
Muchinga,Shiwangandu,2019,Jun,6,10
Muchinga,Shiwangandu,2019,Jul,7,9
North Western,Chavuma,2019,Apr,4,12
North Western,Chavuma,2019,May,5,13
North Western,Chavuma,2019,Jun,6,2
North Western,Chavuma,2019,Jul,7,11
North Western,Chavuma,2019,Aug,8,2
North Western,Chavuma,2019,Sep,9,13
North Western,Kabompo,2019,Apr,4,3
North Western,Kalumbila,2019,Jul,7,15
North Western,Kasempa,2019,Apr,4,6
North Western,Kasempa,2019,May,5,8
North Western,Kasempa,2019,Jun,6,9
North Western,Kasempa,2019,Jul,7,10
North Western,Kasempa,2019,Aug,8,8
North Western,Kasempa,2019,Sep,9,0
North Western,Manyinga,2019,Apr,4,3
North Western,Manyinga,2019,Aug,8,8
North Western,Manyinga,2019,Sep,9,10
North Western,Mufumbwe,2019,May,5,9
North Western,Solwezi,2019,Jun,6,13
North Western,Solwezi,2019,Jul,7,5
North Western,Zambezi,2019,Apr,4,11
North Western,Zambezi,2019,May,5,0
North Western,Zambezi,2019,Jun,6,9
North Western,Zambezi,2019,Jul,7,9
North Western,Zambezi,2019,Aug,8,11
North Western,Zambezi,2019,Sep,9,0
Northern,Chilubi,2019,Jun,6,5
Northern,Kaputa,2019,Jul,7,12
Northern,Kasama,2019,Apr,4,7
Northern,Kasama,2019,May,5,2
Northern,Kasama,2019,Jun,6,2
Northern,Kasama,2019,Jul,7,0
Northern,Kasama,2019,Aug,8,14
Northern,Kasama,2019,Sep,9,5
Northern,Lunte,2019,May,5,12
Northern,Lunte,2019,Jun,6,0
Northern,Lunte,2019,Sep,9,13
Northern,Mpulungu,2019,Apr,4,4
Northern,Mpulungu,2019,May,5,13
Northern,Nsama,2019,Apr,4,5
Southern,Chikankata,2019,Apr,4,9
Southern,Chikankata,2019,May,5,14
Southern,Chikankata,2019,Jun,6,5
Southern,Chikankata,2019,Jul,7,10
Southern,Chikankata,2019,Aug,8,14
Southern,Chikankata,2019,Sep,9,4
Southern,Gwembe,2019,Apr,4,8
Southern,Gwembe,2019,Jul,7,11
Southern,Gwembe,2019,Sep,9,2
Southern,Kalomo,2019,Apr,4,7
Southern,Kalomo,2019,May,5,11
Southern,Kalomo,2019,Jun,6,12
Southern,Kalomo,2019,Jul,7,5
Southern,Kalomo,2019,Aug,8,0
Southern,Kalomo,2019,Sep,9,6
Southern,Livingstone,2019,Apr,4,10
Southern,Livingstone,2019,May,5,2
Southern,Livingstone,2019,Jun,6,2
Southern,Livingstone,2019,Sep,9,6
Southern,Monze,2019,Apr,4,9
Southern,Monze,2019,May,5,1
Southern,Monze,2019,Jun,6,14
Southern,Monze,2019,Jul,7,15
Southern,Monze,2019,Aug,8,7
Southern,Monze,2019,Sep,9,12
Southern,Namwala,2019,Apr,4,6
Southern,Namwala,2019,May,5,10
Southern,Namwala,2019,Jun,6,6
Southern,Namwala,2019,Jul,7,3
Southern,Namwala,2019,Aug,8,12
Southern,Namwala,2019,Sep,9,12
Southern,Siavonga,2019,Apr,4,3
Southern,Siavonga,2019,May,5,4
Southern,Siavonga,2019,Jun,6,12
Southern,Siavonga,2019,Jul,7,11
Southern,Siavonga,2019,Aug,8,13
Southern,Siavonga,2019,Sep,9,3
Western,Kalabo,2019,May,5,14
Western,Kalabo,2019,Jun,6,1
Western,Kalabo,2019,Jul,7,7
Western,Kalabo,2019,Aug,8,4
Western,Kalabo,2019,Sep,9,3
Western,Kaoma,2019,Apr,4,5
Western,Kaoma,2019,May,5,14
Western,Kaoma,2019,Jun,6,7
Western,Kaoma,2019,Sep,9,7
Western,Limulunga,2019,Sep,9,0
Western,Mitete,2019,Apr,4,14
Western,Mongu,2019,May,5,4
Western,Mongu,2019,Jul,7,7
Western,Mongu,2019,Aug,8,5
Western,Mwandi,2019,Apr,4,12
Western,Mwandi,2019,May,5,4
Western,Mwandi,2019,Jun,6,5
Western,Mwandi,2019,Jul,7,14
Western,Mwandi,2019,Aug,8,5
Western,Mwandi,2019,Sep,9,7
Western,Nkeyema,2019,May,5,6
Western,Nkeyema,2019,Sep,9,9
Western,Senanga,2019,Aug,8,6
Central,Chibombo,2019,Oct,,8
Central,Chitambo,2019,Nov,,4
Central,Itezhi-tezhi,2019,Nov,,5
Central,Itezhi-tezhi,2019,Dec,,7
Central,Kabwe,2019,Oct,,14
Central,Kabwe,2019,Nov,,1
Central,Kabwe,2019,Dec,,12
Central,Kapiri Mposhi,2019,Oct,,7
Central,Kapiri Mposhi,2019,Nov,,13
Central,Mkushi,2019,Oct,,8
Central,Mkushi,2019,Nov,,13
Central,Mkushi,2019,Dec,,10
Central,Mumbwa,2019,Oct,,7
Central,Mumbwa,2019,Nov,,4
Central,Mumbwa,2019,Dec,,11
Central,Ngabwe,2019,Dec,,3
Central,Serenje,2019,Dec,,10
Copperbelt,Kalulushi,2019,Oct,,2
Copperbelt,Kalulushi,2019,Nov,,2
Copperbelt,Kalulushi,2019,Dec,,7
Copperbelt,Kitwe,2019,Nov,,9
Copperbelt,Kitwe,2019,Dec,,13
Eastern,Chipata,2019,Oct,,11
Luapula,Chembe,2019,Dec,,14
Luapula,Chiengi,2019,Nov,,3
Luapula,Chiengi,2019,Dec,,8
Luapula,Chifunabuli,2019,Dec,,7
Luapula,Chipili,2019,Nov,,13
Luapula,Kawambwa,2019,Nov,,10
Luapula,Kawambwa,2019,Dec,,12
Luapula,Mansa,2019,Dec,,5
Luapula,Mwansabombwe,2019,Nov,,5
Luapula,Mwansabombwe,2019,Dec,,11
Luapula,Nchelenge,2019,Oct,,11
Luapula,Nchelenge,2019,Dec,,6
Lusaka,Chilanga,2019,Oct,,13
Lusaka,Chilanga,2019,Nov,,8
Lusaka,Chilanga,2019,Dec,,11
Lusaka,Chirundu,2019,Oct,,11
Lusaka,Chongwe,2019,Dec,,4
Lusaka,Lusaka,2019,Oct,,11
Lusaka,Rufunsa,2019,Nov,,4
Lusaka,Rufunsa,2019,Dec,,13
Muchinga,Chama,2019,Dec,,12
Muchinga,Mpika,2019,Dec,,13
Muchinga,Shiwangandu,2019,Nov,,4
Muchinga,Shiwangandu,2019,Dec,,9
North Western,Ikelenge,2019,Dec,,9
North Western,Kalumbila,2019,Dec,,13
North Western,Kasempa,2019,Oct,,3
North Western,Kasempa,2019,Nov,,9
North Western,Mwinilunga,2019,Dec,,13
North Western,Solwezi,2019,Oct,,4
North Western,Solwezi,2019,Nov,,4
North Western,Zambezi,2019,Oct,,8
North Western,Zambezi,2019,Nov,,5
Northern,Chilubi,2019,Dec,,9
Northern,Kasama,2019,Nov,,10
Northern,Kasama,2019,Dec,,5
Northern,Lunte,2019,Oct,,1
Northern,Lunte,2019,Nov,,1
Northern,Luwingu,2019,Oct,,8
Northern,Luwingu,2019,Nov,,10
Northern,Luwingu,2019,Dec,,8
Northern,Mungwi,2019,Dec,,7
Northern,Senga Hill,2019,Dec,,11
Southern,Chikankata,2019,Oct,,5
Southern,Choma,2019,Dec,,3
Southern,Kalomo,2019,Oct,,3
Southern,Kalomo,2019,Nov,,9
Southern,Kalomo,2019,Dec,,14
Southern,Kazungula,2019,Oct,,9
Southern,Kazungula,2019,Dec,,12
Southern,Monze,2019,Oct,,11
Southern,Namwala,2019,Nov,,13
Southern,Siavonga,2019,Oct,,2
Southern,Siavonga,2019,Nov,,1
Western,Kalabo,2019,Oct,,10
Western,Kalabo,2019,Nov,,4
Western,Kaoma,2019,Oct,,4
Western,Kaoma,2019,Nov,,3
Western,Limulunga,2019,Oct,,2
Western,Limulunga,2019,Nov,,2
Western,Limulunga,2019,Dec,,9
Western,Luampa,2019,Oct,,7
Western,Mitete,2019,Dec,,15
Western,Mongu,2019,Dec,,0
Western,Mwandi,2019,Oct,,15
Western,Mwandi,2019,Dec,,13
Western,Nkeyema,2019,Oct,,2
Western,Nkeyema,2019,Nov,,15
Western,Sikongo,2019,Nov,,1
Central,Chibombo,2020,Jan,1,10
Central,Chibombo,2020,Feb,2,5
Central,Chibombo,2020,Mar,3,14
Central,Chitambo,2020,Feb,2,8
Central,Itezhi-tezhi,2020,Jan,1,8
Central,Itezhi-tezhi,2020,Feb,2,5
Central,Kabwe,2020,Jan,1,12
Central,Kabwe,2020,Feb,2,0
Central,Kapiri Mposhi,2020,Jan,1,4
Central,Kapiri Mposhi,2020,Feb,2,12
Central,Kapiri Mposhi,2020,Mar,3,9
Central,Luano,2020,Feb,2,9
Central,Luano,2020,Mar,3,15
Central,Mkushi,2020,Jan,1,5
Central,Mkushi,2020,Feb,2,9
Central,Mkushi,2020,Mar,3,4
Central,Mumbwa,2020,Jan,1,1
Central,Mumbwa,2020,Feb,2,10
Central,Mumbwa,2020,Mar,3,8
Central,Ngabwe,2020,Feb,2,6
Central,Ngabwe,2020,Mar,3,0
Central,Serenje,2020,Jan,1,1
Central,Serenje,2020,Feb,2,15
Central,Serenje,2020,Mar,3,6
Copperbelt,Kalulushi,2020,Jan,1,14
Copperbelt,Kalulushi,2020,Feb,2,6
Copperbelt,Kalulushi,2020,Mar,3,12
Copperbelt,Luanshya,2020,Jan,1,9
Copperbelt,Luanshya,2020,Feb,2,11
Copperbelt,Luanshya,2020,Mar,3,12
Copperbelt,Mpongwe,2020,Mar,3,6
Copperbelt,Ndola,2020,Jan,1,8
Eastern,Chasefu,2020,Mar,3,15
Eastern,Chipangali,2020,Mar,3,6
Eastern,Chipata,2020,Jan,1,7
Eastern,Chipata,2020,Feb,2,8
Eastern,Chipata,2020,Mar,3,2
Eastern,Kasenengwa,2020,Mar,3,3
Eastern,Lundazi,2020,Feb,2,4
Eastern,Lundazi,2020,Mar,3,1
Eastern,Nyimba,2020,Feb,2,2
Eastern,Nyimba,2020,Mar,3,15
Luapula,Chiengi,2020,Jan,1,0
Luapula,Chiengi,2020,Feb,2,3
Luapula,Chifunabuli,2020,Jan,1,3
Luapula,Chifunabuli,2020,Feb,2,9
Luapula,Chifunabuli,2020,Mar,3,7
Luapula,Kawambwa,2020,Jan,1,10
Luapula,Kawambwa,2020,Feb,2,15
Luapula,Kawambwa,2020,Mar,3,3
Luapula,Lunga,2020,Feb,2,8
Luapula,Mansa,2020,Jan,1,10
Luapula,Mansa,2020,Feb,2,1
Luapula,Mansa,2020,Mar,3,11
Luapula,Mwansabombwe,2020,Jan,1,7
Luapula,Mwansabombwe,2020,Feb,2,13
Luapula,Mwansabombwe,2020,Mar,3,8
Luapula,Nchelenge,2020,Jan,1,2
Luapula,Nchelenge,2020,Feb,2,10
Luapula,Samfya,2020,Jan,1,8
Luapula,Samfya,2020,Feb,2,8
Luapula,Samfya,2020,Mar,3,2
Lusaka,Chilanga,2020,Jan,1,12
Lusaka,Chilanga,2020,Feb,2,11
Lusaka,Chilanga,2020,Mar,3,4
Lusaka,Chirundu,2020,Jan,1,11
Lusaka,Chirundu,2020,Mar,3,10
Lusaka,Chongwe,2020,Jan,1,5
Lusaka,Chongwe,2020,Feb,2,12
Lusaka,Chongwe,2020,Mar,3,4
Lusaka,Luangwa,2020,Jan,1,4
Lusaka,Lusaka,2020,Feb,2,10
Lusaka,Lusaka,2020,Mar,3,4
Lusaka,Rufunsa,2020,Jan,1,1
Muchinga,Chama,2020,Jan,1,4
Muchinga,Chama,2020,Feb,2,10
Muchinga,Chama,2020,Mar,3,11
Muchinga,Lavushi Manda,2020,Jan,1,8
Muchinga,Lavushi Manda,2020,Feb,2,8
Muchinga,Lavushi Manda,2020,Mar,3,15
Muchinga,Mafinga,2020,Mar,3,3
Muchinga,Nakonde,2020,Jan,1,9
Muchinga,Nakonde,2020,Mar,3,11
Muchinga,Shiwangandu,2020,Jan,1,7
North Western,Chavuma,2020,Jan,1,3
North Western,Chavuma,2020,Feb,2,14
North Western,Chavuma,2020,Mar,3,4
North Western,Ikelenge,2020,Feb,2,1
North Western,Kabompo,2020,Mar,3,1
North Western,Kalumbila,2020,Jan,1,14
North Western,Kalumbila,2020,Feb,2,0
North Western,Kalumbila,2020,Mar,3,1
North Western,Kasempa,2020,Feb,2,8
North Western,Kasempa,2020,Mar,3,7
North Western,Mwinilunga,2020,Jan,1,10
North Western,Solwezi,2020,Jan,1,5
North Western,Solwezi,2020,Mar,3,7
North Western,Zambezi,2020,Feb,2,3
North Western,Zambezi,2020,Mar,3,4
Northern,Chilubi,2020,Feb,2,3
Northern,Chilubi,2020,Mar,3,3
Northern,Kasama,2020,Jan,1,15
Northern,Kasama,2020,Feb,2,13
Northern,Kasama,2020,Mar,3,1
Northern,Lunte,2020,Jan,1,5
Northern,Lunte,2020,Mar,3,0
Northern,Luwingu,2020,Jan,1,10
Northern,Luwingu,2020,Feb,2,2
Northern,Luwingu,2020,Mar,3,8
Northern,Mbala,2020,Jan,1,10
Northern,Mbala,2020,Feb,2,14
Northern,Mbala,2020,Mar,3,6
Northern,Mpulungu,2020,Feb,2,0
Northern,Mpulungu,2020,Mar,3,15
Northern,Mungwi,2020,Jan,1,0
Northern,Mungwi,2020,Feb,2,11
Northern,Mungwi,2020,Mar,3,8
Northern,Senga Hill,2020,Jan,1,0
Southern,Gwembe,2020,Jan,1,14
Southern,Gwembe,2020,Feb,2,3
Southern,Kalomo,2020,Jan,1,6
Southern,Kalomo,2020,Feb,2,0
Southern,Kalomo,2020,Mar,3,15
Southern,Livingstone,2020,Jan,1,4
Southern,Livingstone,2020,Feb,2,15
Southern,Mazabuka,2020,Mar,3,3
Southern,Monze,2020,Jan,1,11
Southern,Monze,2020,Feb,2,1
Southern,Monze,2020,Mar,3,5
Southern,Namwala,2020,Mar,3,6
Southern,Pemba,2020,Mar,3,0
Western,Kalabo,2020,Mar,3,8
Western,Kaoma,2020,Jan,1,0
Western,Kaoma,2020,Feb,2,3
Western,Kaoma,2020,Mar,3,4
Western,Limulunga,2020,Feb,2,1
Western,Limulunga,2020,Mar,3,10
Western,Luampa,2020,Jan,1,8
Western,Luampa,2020,Mar,3,8
Western,Lukulu,2020,Feb,2,7
Western,Mitete,2020,Feb,2,6
Western,Mongu,2020,Jan,1,0
Western,Mongu,2020,Feb,2,15
Western,Mongu,2020,Mar,3,15
Western,Mwandi,2020,Jan,1,3
Western,Mwandi,2020,Feb,2,6
Western,Mwandi,2020,Mar,3,7
Western,Nkeyema,2020,Feb,2,2
Western,Senanga,2020,Feb,2,7
Western,Sioma,2020,Feb,2,15
Western,Sioma,2020,Mar,3,12
Central,Chibombo,2020,Apr,4,13
Central,Chibombo,2020,May,5,6
Central,Chibombo,2020,Jun,6,13
Central,Chisamba,2020,Apr,4,0
Central,Chisamba,2020,May,5,12
Central,Chitambo,2020,Apr,4,8
Central,Chitambo,2020,May,5,4
Central,Itezhi-tezhi,2020,Apr,4,13
Central,Itezhi-tezhi,2020,May,5,14
Central,Itezhi-tezhi,2020,Jun,6,1
Central,Kabwe,2020,May,5,0
Central,Kapiri Mposhi,2020,Apr,4,15
Central,Kapiri Mposhi,2020,May,5,12
Central,Kapiri Mposhi,2020,Jun,6,5
Central,Luano,2020,May,5,5
Central,Luano,2020,Jun,6,12
Central,Mkushi,2020,Apr,4,15
Central,Mkushi,2020,May,5,3
Central,Mkushi,2020,Jun,6,4
Central,Mumbwa,2020,Apr,4,15
Central,Mumbwa,2020,May,5,6
Central,Mumbwa,2020,Jun,6,15
Central,Ngabwe,2020,Apr,4,8
Central,Ngabwe,2020,May,5,10
Central,Serenje,2020,Apr,4,12
Central,Serenje,2020,May,5,10
Central,Serenje,2020,Jun,6,5
Central,Shibuyunji,2020,Apr,4,5
Copperbelt,Chingola,2020,May,5,12
Copperbelt,Chingola,2020,Jun,6,7
Copperbelt,Kalulushi,2020,Apr,4,10
Copperbelt,Kalulushi,2020,May,5,14
Copperbelt,Kitwe,2020,Apr,4,13
Copperbelt,Kitwe,2020,May,5,1
Copperbelt,Kitwe,2020,Jun,6,9
Copperbelt,Luanshya,2020,Apr,4,0
Copperbelt,Luanshya,2020,May,5,4
Copperbelt,Luanshya,2020,Jun,6,12
Copperbelt,Lufwanyama,2020,May,5,0
Copperbelt,Lufwanyama,2020,Jun,6,12
Copperbelt,Masaiti,2020,May,5,3
Copperbelt,Mpongwe,2020,Apr,4,15
Copperbelt,Mpongwe,2020,May,5,1
Copperbelt,Mpongwe,2020,Jun,6,9
Copperbelt,Mufulira,2020,Jun,6,7
Copperbelt,Ndola,2020,May,5,12
Copperbelt,Ndola,2020,Jun,6,3
Eastern,Chadiza,2020,Jun,6,0
Eastern,Chasefu,2020,Apr,4,7
Eastern,Chasefu,2020,May,5,11
Eastern,Chasefu,2020,Jun,6,2
Eastern,Chipangali,2020,Apr,4,2
Eastern,Chipangali,2020,May,5,11
Eastern,Chipangali,2020,Jun,6,3
Eastern,Chipata,2020,Apr,4,2
Eastern,Chipata,2020,May,5,13
Eastern,Chipata,2020,Jun,6,0
Eastern,Kasenengwa,2020,Apr,4,8
Eastern,Kasenengwa,2020,May,5,6
Eastern,Kasenengwa,2020,Jun,6,15
Eastern,Katete,2020,Apr,4,11
Eastern,Katete,2020,May,5,4
Eastern,Katete,2020,Jun,6,11
Eastern,Lumezi,2020,May,5,11
Eastern,Lundazi,2020,Apr,4,1
Eastern,Lundazi,2020,May,5,4
Eastern,Lundazi,2020,Jun,6,13
Eastern,Lusangazi,2020,Apr,4,8
Eastern,Lusangazi,2020,May,5,15
Eastern,Nyimba,2020,Apr,4,14
Eastern,Nyimba,2020,May,5,14
Eastern,Nyimba,2020,Jun,6,4
Eastern,Petauke,2020,Apr,4,12
Eastern,Petauke,2020,May,5,10
Eastern,Petauke,2020,Jun,6,4
Eastern,Sinda,2020,May,5,0
Luapula,Chiengi,2020,Apr,4,10
Luapula,Chiengi,2020,May,5,2
Luapula,Chiengi,2020,Jun,6,0
Luapula,Chifunabuli,2020,Apr,4,6
Luapula,Chifunabuli,2020,Jun,6,3
Luapula,Kawambwa,2020,Apr,4,11
Luapula,Mansa,2020,Apr,4,11
Luapula,Mansa,2020,May,5,5
Luapula,Mansa,2020,Jun,6,3
Luapula,Mwansabombwe,2020,Jun,6,3
Luapula,Nchelenge,2020,Apr,4,7
Luapula,Nchelenge,2020,Jun,6,8
Luapula,Samfya,2020,Apr,4,6
Luapula,Samfya,2020,May,5,6
Lusaka,Chilanga,2020,Apr,4,14
Lusaka,Chilanga,2020,May,5,1
Lusaka,Chilanga,2020,Jun,6,8
Lusaka,Chirundu,2020,Apr,4,15
Lusaka,Chongwe,2020,Apr,4,4
Lusaka,Chongwe,2020,May,5,9
Lusaka,Chongwe,2020,Jun,6,7
Lusaka,Kafue,2020,May,5,3
Lusaka,Kafue,2020,Jun,6,0
Lusaka,Luangwa,2020,Apr,4,7
Lusaka,Luangwa,2020,May,5,4
Lusaka,Luangwa,2020,Jun,6,14
Lusaka,Lusaka,2020,Apr,4,4
Lusaka,Lusaka,2020,May,5,6
Lusaka,Lusaka,2020,Jun,6,2
Lusaka,Rufunsa,2020,Apr,4,11
Lusaka,Rufunsa,2020,May,5,5
Lusaka,Rufunsa,2020,Jun,6,9
Muchinga,Chama,2020,Apr,4,15
Muchinga,Chama,2020,May,5,13
Muchinga,Chama,2020,Jun,6,9
Muchinga,Kanchibiya,2020,Apr,4,15
Muchinga,Kanchibiya,2020,May,5,11
Muchinga,Lavushi Manda,2020,Apr,4,10
Muchinga,Lavushi Manda,2020,May,5,8
Muchinga,Lavushi Manda,2020,Jun,6,2
Muchinga,Mafinga,2020,Apr,4,15
Muchinga,Mafinga,2020,May,5,11
Muchinga,Mafinga,2020,Jun,6,1
Muchinga,Mpika,2020,Apr,4,15
Muchinga,Mpika,2020,May,5,7
Muchinga,Mpika,2020,Jun,6,10
Muchinga,Nakonde,2020,Apr,4,14
North Western,Chavuma,2020,Apr,4,0
North Western,Chavuma,2020,Jun,6,6
North Western,Ikelenge,2020,Jun,6,5
North Western,Kabompo,2020,Apr,4,10
North Western,Kabompo,2020,May,5,0
North Western,Kabompo,2020,Jun,6,15
North Western,Kalumbila,2020,Apr,4,13
North Western,Kalumbila,2020,May,5,5
North Western,Kalumbila,2020,Jun,6,15
North Western,Kasempa,2020,Apr,4,8
North Western,Kasempa,2020,May,5,9
North Western,Kasempa,2020,Jun,6,2
North Western,Manyinga,2020,Apr,4,3
North Western,Manyinga,2020,Jun,6,11
North Western,Mufumbwe,2020,May,5,4
North Western,Mushindamo,2020,Apr,4,14
North Western,Mushindamo,2020,May,5,0
North Western,Mwinilunga,2020,May,5,4
North Western,Mwinilunga,2020,Jun,6,1
North Western,Solwezi,2020,May,5,8
North Western,Solwezi,2020,Jun,6,2
North Western,Zambezi,2020,May,5,8
North Western,Zambezi,2020,Jun,6,9
Northern,Chilubi,2020,Apr,4,5
Northern,Chilubi,2020,May,5,13
Northern,Chilubi,2020,Jun,6,10
Northern,Kasama,2020,Apr,4,14
Northern,Kasama,2020,May,5,1
Northern,Kasama,2020,Jun,6,15
Northern,Lunte,2020,Apr,4,7
Northern,Lunte,2020,May,5,15
Northern,Lunte,2020,Jun,6,11
Northern,Luwingu,2020,Apr,4,3
Northern,Luwingu,2020,May,5,9
Northern,Luwingu,2020,Jun,6,12
Northern,Mbala,2020,Apr,4,11
Northern,Mbala,2020,May,5,1
Northern,Mporokoso,2020,May,5,1
Northern,Mpulungu,2020,Apr,4,11
Northern,Mpulungu,2020,May,5,1
Northern,Mpulungu,2020,Jun,6,5
Northern,Mungwi,2020,Apr,4,13
Northern,Mungwi,2020,May,5,8
Northern,Mungwi,2020,Jun,6,6
Northern,Nsama,2020,Apr,4,3
Northern,Nsama,2020,May,5,12
Northern,Nsama,2020,Jun,6,8
Northern,Senga Hill,2020,May,5,13
Northern,Senga Hill,2020,Jun,6,0
Southern,Chikankata,2020,Apr,4,3
Southern,Chikankata,2020,May,5,7
Southern,Chikankata,2020,Jun,6,4
Southern,Choma,2020,May,5,1
Southern,Choma,2020,Jun,6,14
Southern,Gwembe,2020,Apr,4,2
Southern,Gwembe,2020,May,5,0
Southern,Gwembe,2020,Jun,6,11
Southern,Kalomo,2020,Apr,4,0
Southern,Kalomo,2020,May,5,6
Southern,Kalomo,2020,Jun,6,8
Southern,Kazungula,2020,Apr,4,9
Southern,Kazungula,2020,May,5,5
Southern,Kazungula,2020,Jun,6,8
Southern,Livingstone,2020,Apr,4,4
Southern,Livingstone,2020,May,5,14
Southern,Mazabuka,2020,Apr,4,3
Southern,Mazabuka,2020,May,5,10
Southern,Monze,2020,Apr,4,9
Southern,Monze,2020,May,5,11
Southern,Monze,2020,Jun,6,15
Southern,Namwala,2020,Apr,4,3
Southern,Namwala,2020,May,5,3
Southern,Pemba,2020,Apr,4,9
Southern,Siavonga,2020,May,5,6
Southern,Siavonga,2020,Jun,6,1
Southern,Zimba,2020,Apr,4,12
Western,Kalabo,2020,Apr,4,9
Western,Kalabo,2020,Jun,6,9
Western,Kaoma,2020,Apr,4,8
Western,Kaoma,2020,May,5,11
Western,Kaoma,2020,Jun,6,13
Western,Luampa,2020,Apr,4,13
Western,Luampa,2020,May,5,4
Western,Luampa,2020,Jun,6,7
Western,Mongu,2020,Apr,4,5
Western,Mongu,2020,May,5,5
Western,Mongu,2020,Jun,6,1
Western,Mwandi,2020,Apr,4,7
Western,Mwandi,2020,May,5,12
Western,Mwandi,2020,Jun,6,13
Western,Senanga,2020,Apr,4,5
Western,Senanga,2020,May,5,3
Western,Senanga,2020,Jun,6,8
Western,Sesheke,2020,Apr,4,15
Western,Sesheke,2020,May,5,2
Western,Shangombo,2020,Apr,4,14
Central,Itezhi-tezhi,2020,Jul,7,4
Central,Kabwe,2020,Jul,7,5
Central,Kapiri Mposhi,2020,Jul,7,11
Central,Luano,2020,Jul,7,12
Central,Mkushi,2020,Jul,7,10
Central,Mumbwa,2020,Jul,7,13
Central,Serenje,2020,Jul,7,4
Copperbelt,Chingola,2020,Jul,7,4
Copperbelt,Kalulushi,2020,Jul,7,11
Copperbelt,Kitwe,2020,Jul,7,15
Copperbelt,Masaiti,2020,Jul,7,12
Copperbelt,Mpongwe,2020,Jul,7,8
Copperbelt,Ndola,2020,Jul,7,6
Eastern,Chadiza,2020,Jul,7,11
Eastern,Chasefu,2020,Jul,7,6
Eastern,Chipangali,2020,Jul,7,4
Eastern,Chipata,2020,Jul,7,13
Eastern,Kasenengwa,2020,Jul,7,12
Eastern,Lumezi,2020,Jul,7,13
Eastern,Lundazi,2020,Jul,7,6
Eastern,Nyimba,2020,Jul,7,3
Eastern,Petauke,2020,Jul,7,13
Luapula,Chiengi,2020,Jul,7,3
Luapula,Mansa,2020,Jul,7,9
Lusaka,Chilanga,2020,Jul,7,11
Lusaka,Chirundu,2020,Jul,7,2
Lusaka,Chongwe,2020,Jul,7,3
Lusaka,Kafue,2020,Jul,7,9
Lusaka,Rufunsa,2020,Jul,7,9
Muchinga,Chama,2020,Jul,7,6
Muchinga,Kanchibiya,2020,Jul,7,14
Muchinga,Lavushi Manda,2020,Jul,7,10
Muchinga,Mpika,2020,Jul,7,0
Muchinga,Nakonde,2020,Jul,7,3
North Western,Chavuma,2020,Jul,7,9
North Western,Kabompo,2020,Jul,7,12
North Western,Kasempa,2020,Jul,7,11
North Western,Mufumbwe,2020,Jul,7,7
North Western,Mwinilunga,2020,Jul,7,9
North Western,Solwezi,2020,Jul,7,5
Northern,Kasama,2020,Jul,7,11
Northern,Mungwi,2020,Jul,7,14
Northern,Senga Hill,2020,Jul,7,13
Southern,Choma,2020,Jul,7,3
Southern,Gwembe,2020,Jul,7,5
Southern,Kalomo,2020,Jul,7,7
Southern,Kazungula,2020,Jul,7,5
Southern,Monze,2020,Jul,7,9
Western,Kaoma,2020,Jul,7,3
Western,Limulunga,2020,Jul,7,2
Western,Luampa,2020,Jul,7,6
Western,Mongu,2020,Jul,7,4
Western,Nkeyema,2020,Jul,7,1
Western,Senanga,2020,Jul,7,3
Central,Itezhi-tezhi,2020,Aug,8,13
Central,Kabwe,2020,Aug,8,7
Central,Kapiri Mposhi,2020,Aug,8,3
Central,Mkushi,2020,Aug,8,7
Central,Mumbwa,2020,Aug,8,5
Central,Ngabwe,2020,Aug,8,15
Central,Serenje,2020,Aug,8,14
Copperbelt,Chingola,2020,Aug,8,1
Copperbelt,Kalulushi,2020,Aug,8,13
Copperbelt,Kitwe,2020,Aug,8,8
Copperbelt,Masaiti,2020,Aug,8,14
Eastern,Chipata,2020,Aug,8,1
Eastern,Kasenengwa,2020,Aug,8,9
Eastern,Katete,2020,Aug,8,13
Eastern,Lumezi,2020,Aug,8,15
Eastern,Lundazi,2020,Aug,8,7
Eastern,Mambwe,2020,Aug,8,0
Eastern,Nyimba,2020,Aug,8,3
Eastern,Petauke,2020,Aug,8,9
Eastern,Sinda,2020,Aug,8,12
Luapula,Chiengi,2020,Aug,8,5
Luapula,Mansa,2020,Aug,8,10
Luapula,Nchelenge,2020,Aug,8,13
Lusaka,Chilanga,2020,Aug,8,2
Lusaka,Chongwe,2020,Aug,8,13
Lusaka,Kafue,2020,Aug,8,6
Lusaka,Lusaka,2020,Aug,8,10
Lusaka,Rufunsa,2020,Aug,8,6
Muchinga,Chama,2020,Aug,8,6
Muchinga,Chinsali,2020,Aug,8,14
Muchinga,Nakonde,2020,Aug,8,8
North Western,Chavuma,2020,Aug,8,1
North Western,Kalumbila,2020,Aug,8,10
North Western,Kasempa,2020,Aug,8,2
North Western,Mushindamo,2020,Aug,8,6
North Western,Mwinilunga,2020,Aug,8,14
North Western,Solwezi,2020,Aug,8,14
North Western,Zambezi,2020,Aug,8,5
Northern,Kasama,2020,Aug,8,10
Northern,Mungwi,2020,Aug,8,9
Southern,Gwembe,2020,Aug,8,5
Southern,Kalomo,2020,Aug,8,0
Southern,Kazungula,2020,Aug,8,0
Southern,Mazabuka,2020,Aug,8,14
Southern,Monze,2020,Aug,8,5
Southern,Pemba,2020,Aug,8,4
Western,Kalabo,2020,Aug,8,12
Western,Kaoma,2020,Aug,8,9
Western,Luampa,2020,Aug,8,8
Western,Mongu,2020,Aug,8,7
Western,Mwandi,2020,Aug,8,0
Western,Nkeyema,2020,Aug,8,10
Western,Senanga,2020,Aug,8,15
Western,Sesheke,2020,Aug,8,15
Central,Chitambo,2020,Sep,9,1
Central,Kapiri Mposhi,2020,Sep,9,14
Central,Mkushi,2020,Sep,9,5
Copperbelt,Chingola,2020,Sep,9,8
Copperbelt,Kalulushi,2020,Sep,9,14
Copperbelt,Kitwe,2020,Sep,9,9
Copperbelt,Masaiti,2020,Sep,9,10
Copperbelt,Mpongwe,2020,Sep,9,12
Copperbelt,Ndola,2020,Sep,9,12
Eastern,Chasefu,2020,Sep,9,12
Eastern,Chipata,2020,Sep,9,6
Eastern,Kasenengwa,2020,Sep,9,14
Eastern,Lumezi,2020,Sep,9,13
Eastern,Lundazi,2020,Sep,9,13
Eastern,Mambwe,2020,Sep,9,13
Eastern,Petauke,2020,Sep,9,7
Eastern,Sinda,2020,Sep,9,3
Luapula,Chiengi,2020,Sep,9,1
Luapula,Mansa,2020,Sep,9,8
Luapula,Mwense,2020,Sep,9,8
Luapula,Nchelenge,2020,Sep,9,4
Lusaka,Chilanga,2020,Sep,9,10
Lusaka,Chongwe,2020,Sep,9,5
Lusaka,Kafue,2020,Sep,9,5
Lusaka,Rufunsa,2020,Sep,9,0
Muchinga,Chama,2020,Sep,9,15
Muchinga,Kanchibiya,2020,Sep,9,7
Muchinga,Lavushi Manda,2020,Sep,9,0
Muchinga,Mpika,2020,Sep,9,5
Muchinga,Nakonde,2020,Sep,9,4
North Western,Chavuma,2020,Sep,9,1
North Western,Kabompo,2020,Sep,9,7
North Western,Kasempa,2020,Sep,9,5
North Western,Manyinga,2020,Sep,9,6
North Western,Solwezi,2020,Sep,9,10
North Western,Zambezi,2020,Sep,9,13
Northern,Kasama,2020,Sep,9,9
Northern,Mbala,2020,Sep,9,12
Northern,Mporokoso,2020,Sep,9,1
Northern,Mpulungu,2020,Sep,9,6
Northern,Mungwi,2020,Sep,9,6
Southern,Choma,2020,Sep,9,4
Southern,Kalomo,2020,Sep,9,8
Southern,Livingstone,2020,Sep,9,6
Southern,Mazabuka,2020,Sep,9,0
Southern,Monze,2020,Sep,9,10
Southern,Namwala,2020,Sep,9,7
Southern,Pemba,2020,Sep,9,13
Western,Kaoma,2020,Sep,9,1
Western,Limulunga,2020,Sep,9,8
Western,Luampa,2020,Sep,9,5
Western,Mongu,2020,Sep,9,15
Western,Mwandi,2020,Sep,9,11
Eastern,Chadiza,2020,July,7,9
Muchinga,Chama,2020,July,7,4
Eastern,Chasefu,2020,July,7,1
North Western,Chavuma,2020,July,7,2
Luapula,Chiengi,2020,July,7,13
Lusaka,Chilanga,2020,July,7,15
Copperbelt,Chingola,2020,July,7,12
Eastern,Chipangali,2020,July,7,9
Eastern,Chipata,2020,July,7,11
Lusaka,Chirundu,2020,July,7,12
Southern,Choma,2020,July,7,9
Lusaka,Chongwe,2020,July,7,3
Southern,Gwembe,2020,July,7,14
Central,Itezhi-tezhi,2020,July,7,12
North Western,Kabompo,2020,July,7,0
Central,Kabwe,2020,July,7,3
Lusaka,Kafue,2020,July,7,10
Southern,Kalomo,2020,July,7,5
Copperbelt,Kalulushi,2020,July,7,15
Muchinga,Kanchibiya,2020,July,7,15
Western,Kaoma,2020,July,7,13
Central,Kapiri Mposhi,2020,July,7,4
Northern,Kasama,2020,July,7,6
North Western,Kasempa,2020,July,7,7
Eastern,Kasenengwa,2020,July,7,0
Southern,Kazungula,2020,July,7,9
Copperbelt,Kitwe,2020,July,7,8
Muchinga,Lavushi Manda,2020,July,7,12
Western,Limulunga,2020,July,7,4
Western,Luampa,2020,July,7,14
Central,Luano,2020,July,7,9
Eastern,Lumezi,2020,July,7,1
Eastern,Lundazi,2020,July,7,13
Luapula,Mansa,2020,July,7,11
Copperbelt,Masaiti,2020,July,7,6
Central,Mkushi,2020,July,7,11
Western,Mongu,2020,July,7,14
Southern,Monze,2020,July,7,10
Muchinga,Mpika,2020,July,7,2
Copperbelt,Mpongwe,2020,July,7,6
North Western,Mufumbwe,2020,July,7,14
Central,Mumbwa,2020,July,7,8
Northern,Mungwi,2020,July,7,14
North Western,Mwinilunga,2020,July,7,9
Muchinga,Nakonde,2020,July,7,9
Copperbelt,Ndola,2020,July,7,9
Western,Nkeyema,2020,July,7,11
Eastern,Nyimba,2020,July,7,0
Eastern,Petauke,2020,July,7,11
Lusaka,Rufunsa,2020,July,7,12
Western,Senanga,2020,July,7,9
Northern,Senga Hill,2020,July,7,6
Central,Serenje,2020,July,7,4
North Western,Solwezi,2020,July,7,3
Muchinga,Chama,2020,Aug,8,4
North Western,Chavuma,2020,Aug,8,7
Luapula,Chiengi,2020,Aug,8,14
Lusaka,Chilanga,2020,Aug,8,13
Copperbelt,Chingola,2020,Aug,8,13
Muchinga,Chinsali,2020,Aug,8,2
Eastern,Chipata,2020,Aug,8,9
Lusaka,Chongwe,2020,Aug,8,10
Southern,Gwembe,2020,Aug,8,15
Central,Itezhi-tezhi,2020,Aug,8,8
Central,Kabwe,2020,Aug,8,13
Lusaka,Kafue,2020,Aug,8,8
Western,Kalabo,2020,Aug,8,3
Southern,Kalomo,2020,Aug,8,5
Copperbelt,Kalulushi,2020,Aug,8,3
North Western,Kalumbila,2020,Aug,8,8
Western,Kaoma,2020,Aug,8,9
Central,Kapiri Mposhi,2020,Aug,8,10
Northern,Kasama,2020,Aug,8,13
North Western,Kasempa,2020,Aug,8,0
Eastern,Kasenengwa,2020,Aug,8,8
Eastern,Katete,2020,Aug,8,0
Southern,Kazungula,2020,Aug,8,14
Copperbelt,Kitwe,2020,Aug,8,7
Western,Luampa,2020,Aug,8,6
Eastern,Lumezi,2020,Aug,8,3
Eastern,Lundazi,2020,Aug,8,4
Lusaka,Lusaka,2020,Aug,8,14
Eastern,Mambwe,2020,Aug,8,8
Luapula,Mansa,2020,Aug,8,1
Copperbelt,Masaiti,2020,Aug,8,12
Southern,Mazabuka,2020,Aug,8,7
Central,Mkushi,2020,Aug,8,9
Western,Mongu,2020,Aug,8,2
Southern,Monze,2020,Aug,8,14
Central,Mumbwa,2020,Aug,8,11
Northern,Mungwi,2020,Aug,8,2
North Western,Mushindamo,2020,Aug,8,5
Western,Mwandi,2020,Aug,8,10
North Western,Mwinilunga,2020,Aug,8,7
Muchinga,Nakonde,2020,Aug,8,12
Luapula,Nchelenge,2020,Aug,8,5
Central,Ngabwe,2020,Aug,8,11
Western,Nkeyema,2020,Aug,8,8
Eastern,Nyimba,2020,Aug,8,2
Southern,Pemba,2020,Aug,8,5
Eastern,Petauke,2020,Aug,8,3
Lusaka,Rufunsa,2020,Aug,8,1
Western,Senanga,2020,Aug,8,14
Central,Serenje,2020,Aug,8,11
Western,Sesheke,2020,Aug,8,4
Eastern,Sinda,2020,Aug,8,14
North Western,Solwezi,2020,Aug,8,5
North Western,Zambezi,2020,Aug,8,13
Muchinga,Chama,2020,Sep,9,11
Eastern,Chasefu,2020,Sep,9,15
North Western,Chavuma,2020,Sep,9,9
Luapula,Chiengi,2020,Sep,9,11
Lusaka,Chilanga,2020,Sep,9,6
Copperbelt,Chingola,2020,Sep,9,10
Eastern,Chipata,2020,Sep,9,14
Central,Chitambo,2020,Sep,9,1
Southern,Choma,2020,Sep,9,4
Lusaka,Chongwe,2020,Sep,9,2
North Western,Kabompo,2020,Sep,9,1
Lusaka,Kafue,2020,Sep,9,8
Southern,Kalomo,2020,Sep,9,15
Copperbelt,Kalulushi,2020,Sep,9,5
Muchinga,Kanchibiya,2020,Sep,9,5
Western,Kaoma,2020,Sep,9,5
Central,Kapiri Mposhi,2020,Sep,9,10
Northern,Kasama,2020,Sep,9,3
North Western,Kasempa,2020,Sep,9,3
Eastern,Kasenengwa,2020,Sep,9,5
Copperbelt,Kitwe,2020,Sep,9,1
Muchinga,Lavushi Manda,2020,Sep,9,15
Western,Limulunga,2020,Sep,9,0
Southern,Livingstone,2020,Sep,9,8
Western,Luampa,2020,Sep,9,5
Eastern,Lumezi,2020,Sep,9,8
Eastern,Lundazi,2020,Sep,9,0
Eastern,Mambwe,2020,Sep,9,11
Luapula,Mansa,2020,Sep,9,5
North Western,Manyinga,2020,Sep,9,0
Copperbelt,Masaiti,2020,Sep,9,8
Southern,Mazabuka,2020,Sep,9,3
Northern,Mbala,2020,Sep,9,6
Central,Mkushi,2020,Sep,9,11
Western,Mongu,2020,Sep,9,7
Southern,Monze,2020,Sep,9,6
Muchinga,Mpika,2020,Sep,9,8
Copperbelt,Mpongwe,2020,Sep,9,15
Northern,Mporokoso,2020,Sep,9,0
Northern,Mpulungu,2020,Sep,9,14
Northern,Mungwi,2020,Sep,9,7
Western,Mwandi,2020,Sep,9,11
Luapula,Mwense,2020,Sep,9,6
Muchinga,Nakonde,2020,Sep,9,5
Southern,Namwala,2020,Sep,9,10
Luapula,Nchelenge,2020,Sep,9,4
Copperbelt,Ndola,2020,Sep,9,11
Southern,Pemba,2020,Sep,9,11
Eastern,Petauke,2020,Sep,9,2
Lusaka,Rufunsa,2020,Sep,9,14
Eastern,Sinda,2020,Sep,9,5
North Western,Solwezi,2020,Sep,9,5
North Western,Zambezi,2020,Sep,9,10
Eastern,Chadiza,2020,oct,10,0
Eastern,Chasefu,2020,oct,10,10
North Western,Chavuma,2020,oct,10,10
Copperbelt,Chingola,2020,oct,10,15
Luapula,Chipili,2020,oct,10,0
Lusaka,Chongwe,2020,oct,10,12
Southern,Gwembe,2020,oct,10,15
North Western,Kabompo,2020,oct,10,6
Central,Kabwe,2020,oct,10,3
Copperbelt,Kalulushi,2020,oct,10,6
Muchinga,Kanchibiya,2020,oct,10,1
Central,Kapiri Mposhi,2020,oct,10,9
Northern,Kasama,2020,oct,10,4
North Western,Kasempa,2020,oct,10,14
Copperbelt,Kitwe,2020,oct,10,4
Muchinga,Lavushi Manda,2020,oct,10,3
Southern,Livingstone,2020,oct,10,13
Western,Luampa,2020,oct,10,14
Eastern,Lumezi,2020,oct,10,15
Lusaka,Lusaka,2020,oct,10,4
Eastern,Lusangazi,2020,oct,10,10
Northern,Luwingu,2020,oct,10,14
Luapula,Mansa,2020,oct,10,14
Southern,Mazabuka,2020,oct,10,3
Central,Mkushi,2020,oct,10,10
Copperbelt,Mpongwe,2020,oct,10,14
Northern,Mpulungu,2020,oct,10,3
North Western,Mufumbwe,2020,oct,10,0
North Western,Mushindamo,2020,oct,10,5
North Western,Mwinilunga,2020,oct,10,10
Muchinga,Nakonde,2020,oct,10,1
Southern,Namwala,2020,oct,10,12
Southern,Pemba,2020,oct,10,0
Western,Senanga,2020,oct,10,8
Northern,Senga Hill,2020,oct,10,12
Central,Serenje,2020,oct,10,4
Southern,Sinazongwe,2020,oct,10,8
North Western,Solwezi,2020,oct,10,6
North Western,Zambezi,2020,oct,10,13
Eastern,Chadiza,2020,Nov,11,15
Muchinga,Chama,2020,Nov,11,14
Eastern,Chasefu,2020,Nov,11,4
North Western,Chavuma,2020,Nov,11,10
Central,Chibombo,2020,Nov,11,3
Luapula,Chiengi,2020,Nov,11,11
Luapula,Chifunabuli,2020,Nov,11,12
Copperbelt,Chingola,2020,Nov,11,11
Muchinga,Chinsali,2020,Nov,11,1
Eastern,Chipangali,2020,Nov,11,8
Eastern,Chipata,2020,Nov,11,12
Southern,Gwembe,2020,Nov,11,6
North Western,Ikelenge,2020,Nov,11,7
Western,Kalabo,2020,Nov,11,6
Copperbelt,Kalulushi,2020,Nov,11,7
Western,Kaoma,2020,Nov,11,12
Northern,Kasama,2020,Nov,11,12
North Western,Kasempa,2020,Nov,11,12
Copperbelt,Kitwe,2020,Nov,11,0
Muchinga,Lavushi Manda,2020,Nov,11,3
Southern,Livingstone,2020,Nov,11,10
Copperbelt,Luanshya,2020,Nov,11,0
Eastern,Lumezi,2020,Nov,11,8
Northern,Lunte,2020,Nov,11,15
Lusaka,Lusaka,2020,Nov,11,1
Northern,Luwingu,2020,Nov,11,7
Muchinga,Mafinga,2020,Nov,11,4
North Western,Manyinga,2020,Nov,11,3
Southern,Mazabuka,2020,Nov,11,4
Central,Mkushi,2020,Nov,11,5
Southern,Monze,2020,Nov,11,15
Muchinga,Mpika,2020,Nov,11,11
Copperbelt,Mpongwe,2020,Nov,11,9
Northern,Mpulungu,2020,Nov,11,5
North Western,Mufumbwe,2020,Nov,11,3
Northern,Mungwi,2020,Nov,11,5
North Western,Mushindamo,2020,Nov,11,5
North Western,Mwinilunga,2020,Nov,11,11
Muchinga,Nakonde,2020,Nov,11,1
Copperbelt,Ndola,2020,Nov,11,5
Southern,Pemba,2020,Nov,11,4
Lusaka,Rufunsa,2020,Nov,11,1
Western,Senanga,2020,Nov,11,0
Central,Serenje,2020,Nov,11,13
Muchinga,Shiwangandu,2020,Nov,11,15
Southern,Sinazongwe,2020,Nov,11,15
Western,Sioma,2020,Nov,11,4
North Western,Solwezi,2020,Nov,11,5
North Western,Zambezi,2020,Nov,11,9
Muchinga,Chama,2020,Dec,12,5
North Western,Chavuma,2020,Dec,12,4
Central,Chibombo,2020,Dec,12,5
Luapula,Chiengi,2020,Dec,12,11
Lusaka,Chilanga,2020,Dec,12,2
Northern,Chilubi,2020,Dec,12,7
Copperbelt,Chingola,2020,Dec,12,4
Muchinga,Chinsali,2020,Dec,12,0
Eastern,Chipata,2020,Dec,12,15
Central,Chitambo,2020,Dec,12,13
Southern,Gwembe,2020,Dec,12,10
North Western,Ikelenge,2020,Dec,12,0
Copperbelt,Kalulushi,2020,Dec,12,14
North Western,Kalumbila,2020,Dec,12,13
Muchinga,Kanchibiya,2020,Dec,12,1
Western,Kaoma,2020,Dec,12,7
Northern,Kasama,2020,Dec,12,0
North Western,Kasempa,2020,Dec,12,10
Copperbelt,Kitwe,2020,Dec,12,0
Southern,Livingstone,2020,Dec,12,4
Western,Luampa,2020,Dec,12,1
Copperbelt,Luanshya,2020,Dec,12,0
Eastern,Lundazi,2020,Dec,12,14
Northern,Lunte,2020,Dec,12,7
Lusaka,Lusaka,2020,Dec,12,5
Northern,Luwingu,2020,Dec,12,13
Muchinga,Mafinga,2020,Dec,12,13
Luapula,Mansa,2020,Dec,12,2
North Western,Manyinga,2020,Dec,12,8
Northern,Mbala,2020,Dec,12,10
Central,Mkushi,2020,Dec,12,4
Southern,Monze,2020,Dec,12,12
Muchinga,Mpika,2020,Dec,12,12
Copperbelt,Mpongwe,2020,Dec,12,12
North Western,Mufumbwe,2020,Dec,12,10
Northern,Mungwi,2020,Dec,12,12
North Western,Mushindamo,2020,Dec,12,0
Luapula,Mwansabombwe,2020,Dec,12,7
Luapula,Mwense,2020,Dec,12,0
North Western,Mwinilunga,2020,Dec,12,6
Muchinga,Nakonde,2020,Dec,12,12
Luapula,Nchelenge,2020,Dec,12,9
Copperbelt,Ndola,2020,Dec,12,15
Western,Nkeyema,2020,Dec,12,15
Eastern,Nyimba,2020,Dec,12,13
Southern,Pemba,2020,Dec,12,12
Western,Senanga,2020,Dec,12,15
Northern,Senga Hill,2020,Dec,12,9
Central,Serenje,2020,Dec,12,8
Southern,Sinazongwe,2020,Dec,12,8
Eastern,Sinda,2020,Dec,12,3
Western,Sioma,2020,Dec,12,0
North Western,Solwezi,2020,Dec,12,12
North Western,Zambezi,2020,Dec,12,8
Eastern,Chadiza,2020,Oct,10,5
Eastern,Chasefu,2020,Oct,10,11
North Western,Chavuma,2020,Oct,10,0
Copperbelt,Chingola,2020,Oct,10,4
Luapula,Chipili,2020,Oct,10,12
Lusaka,Chongwe,2020,Oct,10,5
Southern,Gwembe,2020,Oct,10,9
North Western,Kabompo,2020,Oct,10,5
Central,Kabwe,2020,Oct,10,7
Copperbelt,Kalulushi,2020,Oct,10,10
Muchinga,Kanchibiya,2020,Oct,10,15
Central,Kapiri Mposhi,2020,Oct,10,9
Northern,Kasama,2020,Oct,10,12
North Western,Kasempa,2020,Oct,10,9
Copperbelt,Kitwe,2020,Oct,10,5
Muchinga,Lavushi Manda,2020,Oct,10,3
Southern,Livingstone,2020,Oct,10,8
Western,Luampa,2020,Oct,10,13
Eastern,Lumezi,2020,Oct,10,0
Lusaka,Lusaka,2020,Oct,10,12
Eastern,Lusangazi,2020,Oct,10,3
Northern,Luwingu,2020,Oct,10,12
Luapula,Mansa,2020,Oct,10,11
Southern,Mazabuka,2020,Oct,10,14
Central,Mkushi,2020,Oct,10,1
Copperbelt,Mpongwe,2020,Oct,10,10
Northern,Mpulungu,2020,Oct,10,11
North Western,Mufumbwe,2020,Oct,10,1
North Western,Mushindamo,2020,Oct,10,5
North Western,Mwinilunga,2020,Oct,10,3
Muchinga,Nakonde,2020,Oct,10,1
Southern,Namwala,2020,Oct,10,13
Southern,Pemba,2020,Oct,10,1
Western,Senanga,2020,Oct,10,12
Northern,Senga Hill,2020,Oct,10,15
Central,Serenje,2020,Oct,10,9
Southern,Sinazongwe,2020,Oct,10,13
North Western,Solwezi,2020,Oct,10,9
North Western,Zambezi,2020,Oct,10,8
Eastern,Chadiza,2020,Nov,11,0
Muchinga,Chama,2020,Nov,11,6
Eastern,Chasefu,2020,Nov,11,11
North Western,Chavuma,2020,Nov,11,0
Central,Chibombo,2020,Nov,11,10
Luapula,Chiengi,2020,Nov,11,5
Luapula,Chifunabuli,2020,Nov,11,9
Copperbelt,Chingola,2020,Nov,11,13
Muchinga,Chinsali,2020,Nov,11,14
Eastern,Chipangali,2020,Nov,11,0
Eastern,Chipata,2020,Nov,11,8
Southern,Gwembe,2020,Nov,11,10
North Western,Ikelenge,2020,Nov,11,1
Western,Kalabo,2020,Nov,11,10
Copperbelt,Kalulushi,2020,Nov,11,12
Western,Kaoma,2020,Nov,11,6
Northern,Kasama,2020,Nov,11,5
North Western,Kasempa,2020,Nov,11,14
Copperbelt,Kitwe,2020,Nov,11,11
Muchinga,Lavushi Manda,2020,Nov,11,8
Southern,Livingstone,2020,Nov,11,4
Copperbelt,Luanshya,2020,Nov,11,2
Eastern,Lumezi,2020,Nov,11,6
Northern,Lunte,2020,Nov,11,13
Lusaka,Lusaka,2020,Nov,11,2
Northern,Luwingu,2020,Nov,11,15
Muchinga,Mafinga,2020,Nov,11,10
North Western,Manyinga,2020,Nov,11,0
Southern,Mazabuka,2020,Nov,11,0
Central,Mkushi,2020,Nov,11,4
Southern,Monze,2020,Nov,11,12
Muchinga,Mpika,2020,Nov,11,8
Copperbelt,Mpongwe,2020,Nov,11,13
Northern,Mpulungu,2020,Nov,11,15
North Western,Mufumbwe,2020,Nov,11,7
Northern,Mungwi,2020,Nov,11,9
North Western,Mushindamo,2020,Nov,11,0
North Western,Mwinilunga,2020,Nov,11,0
Muchinga,Nakonde,2020,Nov,11,4
Copperbelt,Ndola,2020,Nov,11,10
Southern,Pemba,2020,Nov,11,4
Lusaka,Rufunsa,2020,Nov,11,15
Western,Senanga,2020,Nov,11,5
Central,Serenje,2020,Nov,11,3
Muchinga,Shiwangandu,2020,Nov,11,3
Southern,Sinazongwe,2020,Nov,11,4
Western,Sioma,2020,Nov,11,13
North Western,Solwezi,2020,Nov,11,11
North Western,Zambezi,2020,Nov,11,3
Muchinga,Chama,2020,Dec,12,10
North Western,Chavuma,2020,Dec,12,3
Central,Chibombo,2020,Dec,12,3
Luapula,Chiengi,2020,Dec,12,12
Lusaka,Chilanga,2020,Dec,12,13
Northern,Chilubi,2020,Dec,12,5
Copperbelt,Chingola,2020,Dec,12,4
Muchinga,Chinsali,2020,Dec,12,8
Eastern,Chipata,2020,Dec,12,3
Central,Chitambo,2020,Dec,12,8
Southern,Gwembe,2020,Dec,12,11
North Western,Ikelenge,2020,Dec,12,14
Copperbelt,Kalulushi,2020,Dec,12,1
North Western,Kalumbila,2020,Dec,12,15
Muchinga,Kanchibiya,2020,Dec,12,13
Western,Kaoma,2020,Dec,12,7
Northern,Kasama,2020,Dec,12,1
North Western,Kasempa,2020,Dec,12,10
Copperbelt,Kitwe,2020,Dec,12,15
Southern,Livingstone,2020,Dec,12,1
Western,Luampa,2020,Dec,12,7
Copperbelt,Luanshya,2020,Dec,12,1
Eastern,Lundazi,2020,Dec,12,0
Northern,Lunte,2020,Dec,12,15
Lusaka,Lusaka,2020,Dec,12,14
Northern,Luwingu,2020,Dec,12,14
Muchinga,Mafinga,2020,Dec,12,14
Luapula,Mansa,2020,Dec,12,1
North Western,Manyinga,2020,Dec,12,10
Northern,Mbala,2020,Dec,12,2
Central,Mkushi,2020,Dec,12,14
Southern,Monze,2020,Dec,12,14
Muchinga,Mpika,2020,Dec,12,15
Copperbelt,Mpongwe,2020,Dec,12,6
North Western,Mufumbwe,2020,Dec,12,7
Northern,Mungwi,2020,Dec,12,10
North Western,Mushindamo,2020,Dec,12,12
Luapula,Mwansabombwe,2020,Dec,12,9
Luapula,Mwense,2020,Dec,12,9
North Western,Mwinilunga,2020,Dec,12,13
Muchinga,Nakonde,2020,Dec,12,3
Luapula,Nchelenge,2020,Dec,12,4
Copperbelt,Ndola,2020,Dec,12,3
Western,Nkeyema,2020,Dec,12,12
Eastern,Nyimba,2020,Dec,12,3
Southern,Pemba,2020,Dec,12,8
Western,Senanga,2020,Dec,12,7
Northern,Senga Hill,2020,Dec,12,13
Central,Serenje,2020,Dec,12,3
Southern,Sinazongwe,2020,Dec,12,14
Eastern,Sinda,2020,Dec,12,11
Western,Sioma,2020,Dec,12,10
North Western,Solwezi,2020,Dec,12,11
North Western,Zambezi,2020,Dec,12,7
Central,Kapiri Mposhi,2021,Jan,1,5
Central,Mkushi,2021,Jan,1,9
Central,Serenje,2021,Jan,1,4
Central,Chibombo,2021,Feb,2,14
Central,Kapiri Mposhi,2021,Feb,2,12
Central,Mkushi,2021,Feb,2,3
Central,Serenje,2021,Feb,2,0
Central,Chibombo,2021,Mar,3,6
Central,Kapiri Mposhi,2021,Mar,3,13
Central,Mumbwa,2021,Mar,3,4
Central,Ngabwe,2021,Mar,3,13
Central,Serenje,2021,Mar,3,11
Central,Shibuyunji,2021,Mar,3,15
Copperbelt,Chingola,2021,Jan,1,3
Copperbelt,Kalulushi,2021,Jan,1,8
Copperbelt,Kitwe,2021,Jan,1,3
Copperbelt,Luanshya,2021,Jan,1,1
Copperbelt,Lufwanyama,2021,Jan,1,7
Copperbelt,Mpongwe,2021,Jan,1,9
Copperbelt,Ndola,2021,Jan,1,10
Copperbelt,Chingola,2021,Feb,2,1
Copperbelt,Kalulushi,2021,Feb,2,0
Copperbelt,Luanshya,2021,Feb,2,6
Copperbelt,Lufwanyama,2021,Feb,2,13
Copperbelt,Mpongwe,2021,Feb,2,2
Copperbelt,Ndola,2021,Feb,2,12
Copperbelt,Chingola,2021,Mar,3,0
Copperbelt,Kalulushi,2021,Mar,3,6
Copperbelt,Kitwe,2021,Mar,3,4
Copperbelt,Luanshya,2021,Mar,3,14
Copperbelt,Lufwanyama,2021,Mar,3,13
Copperbelt,Masaiti,2021,Mar,3,10
Copperbelt,Mpongwe,2021,Mar,3,9
Copperbelt,Mufulira,2021,Mar,3,4
Copperbelt,Ndola,2021,Mar,3,13
Eastern,Chipata,2021,Jan,1,12
Eastern,Kasenengwa,2021,Jan,1,6
Eastern,Lundazi,2021,Jan,1,11
Eastern,Nyimba,2021,Jan,1,1
Eastern,Sinda,2021,Jan,1,6
Eastern,Vubwi,2021,Jan,1,1
Eastern,Chasefu,2021,Feb,2,1
Eastern,Chipangali,2021,Feb,2,1
Eastern,Chipata,2021,Feb,2,5
Eastern,Kasenengwa,2021,Feb,2,8
Eastern,Lumezi,2021,Feb,2,1
Eastern,Lundazi,2021,Feb,2,12
Eastern,Mambwe,2021,Feb,2,10
Eastern,Nyimba,2021,Feb,2,4
Eastern,Sinda,2021,Feb,2,15
Eastern,Vubwi,2021,Feb,2,9
Eastern,Chasefu,2021,Mar,3,5
Eastern,Chipata,2021,Mar,3,14
Eastern,Lundazi,2021,Mar,3,8
Eastern,Mambwe,2021,Mar,3,2
Eastern,Nyimba,2021,Mar,3,11
Eastern,Petauke,2021,Mar,3,10
Eastern,Vubwi,2021,Mar,3,15
Luapula,Chiengi,2021,Jan,1,9
Luapula,Chifunabuli,2021,Jan,1,13
Luapula,Kawambwa,2021,Jan,1,9
Luapula,Mansa,2021,Jan,1,1
Luapula,Mwense,2021,Jan,1,5
Luapula,Nchelenge,2021,Jan,1,5
Luapula,Samfya,2021,Jan,1,10
Luapula,Chiengi,2021,Feb,2,5
Luapula,Mansa,2021,Feb,2,11
Luapula,Milenge,2021,Feb,2,13
Luapula,Nchelenge,2021,Feb,2,10
Luapula,Chiengi,2021,Mar,3,12
Luapula,Chifunabuli,2021,Mar,3,7
Luapula,Mansa,2021,Mar,3,3
Luapula,Milenge,2021,Mar,3,7
Luapula,Nchelenge,2021,Mar,3,15
Lusaka,Chongwe,2021,Jan,1,6
Lusaka,Rufunsa,2021,Jan,1,2
Lusaka,Chilanga,2021,Feb,2,15
Lusaka,Rufunsa,2021,Feb,2,0
Lusaka,Chilanga,2021,Mar,3,10
Lusaka,Chongwe,2021,Mar,3,9
Lusaka,Rufunsa,2021,Mar,3,12
Muchinga,Isoka,2021,Jan,1,11
Muchinga,Kanchibiya,2021,Jan,1,13
Muchinga,Mpika,2021,Jan,1,5
Muchinga,Nakonde,2021,Jan,1,10
Muchinga,Shiwangandu,2021,Jan,1,7
Muchinga,Chama,2021,Feb,2,1
Muchinga,Isoka,2021,Feb,2,14
Muchinga,Mafinga,2021,Feb,2,14
Muchinga,Nakonde,2021,Feb,2,3
Muchinga,Shiwangandu,2021,Feb,2,5
Muchinga,Chama,2021,Mar,3,5
Muchinga,Isoka,2021,Mar,3,14
Muchinga,Mafinga,2021,Mar,3,2
Muchinga,Mpika,2021,Mar,3,14
Muchinga,Nakonde,2021,Mar,3,9
North Western,Chavuma,2021,Jan,1,3
North Western,Kabompo,2021,Jan,1,13
North Western,Kalumbila,2021,Jan,1,0
North Western,Kasempa,2021,Jan,1,3
North Western,Manyinga,2021,Jan,1,9
North Western,Mufumbwe,2021,Jan,1,1
North Western,Mushindamo,2021,Jan,1,15
North Western,Mwinilunga,2021,Jan,1,5
North Western,Solwezi,2021,Jan,1,8
North Western,Zambezi,2021,Jan,1,13
North Western,Chavuma,2021,Feb,2,2
North Western,Kalumbila,2021,Feb,2,9
North Western,Kasempa,2021,Feb,2,5
North Western,Manyinga,2021,Feb,2,9
North Western,Mufumbwe,2021,Feb,2,8
North Western,Mwinilunga,2021,Feb,2,3
North Western,Solwezi,2021,Feb,2,12
North Western,Ikelenge,2021,Mar,3,10
North Western,Kalumbila,2021,Mar,3,1
North Western,Kasempa,2021,Mar,3,7
North Western,Manyinga,2021,Mar,3,3
North Western,Mufumbwe,2021,Mar,3,10
North Western,Mushindamo,2021,Mar,3,15
North Western,Mwinilunga,2021,Mar,3,3
North Western,Solwezi,2021,Mar,3,3
North Western,Zambezi,2021,Mar,3,7
Northern,Chilubi,2021,Jan,1,13
Northern,Kasama,2021,Jan,1,14
Northern,Lunte,2021,Jan,1,7
Northern,Mbala,2021,Jan,1,9
Northern,Mpulungu,2021,Jan,1,13
Northern,Mungwi,2021,Jan,1,1
Northern,Senga Hill,2021,Jan,1,9
Northern,Chilubi,2021,Feb,2,0
Northern,Kaputa,2021,Feb,2,2
Northern,Kasama,2021,Feb,2,13
Northern,Lunte,2021,Feb,2,15
Northern,Luwingu,2021,Feb,2,7
Northern,Mbala,2021,Feb,2,6
Northern,Mpulungu,2021,Feb,2,11
Northern,Mungwi,2021,Feb,2,10
Northern,Senga Hill,2021,Feb,2,0
Northern,Chilubi,2021,Mar,3,10
Northern,Kasama,2021,Mar,3,9
Northern,Lunte,2021,Mar,3,14
Northern,Mbala,2021,Mar,3,0
Northern,Mporokoso,2021,Mar,3,6
Northern,Mpulungu,2021,Mar,3,15
Northern,Mungwi,2021,Mar,3,15
Northern,Senga Hill,2021,Mar,3,1
Southern,Chikankata,2021,Jan,1,15
Southern,Livingstone,2021,Jan,1,10
Southern,Monze,2021,Jan,1,6
Southern,Siavonga,2021,Jan,1,3
Southern,Sinazongwe,2021,Jan,1,4
Southern,Chikankata,2021,Feb,2,0
Southern,Livingstone,2021,Feb,2,12
Southern,Pemba,2021,Feb,2,2
Southern,Siavonga,2021,Feb,2,11
Southern,Sinazongwe,2021,Feb,2,10
Southern,Kazungula,2021,Mar,3,0
Southern,Mazabuka,2021,Mar,3,15
Southern,Monze,2021,Mar,3,14
Southern,Pemba,2021,Mar,3,3
Southern,Siavonga,2021,Mar,3,14
Western,Kalabo,2021,Jan,1,6
Western,Kaoma,2021,Jan,1,8
Western,Luampa,2021,Jan,1,10
Western,Lukulu,2021,Jan,1,8
Western,Mongu,2021,Jan,1,5
Western,Mulobezi,2021,Jan,1,12
Western,Nkeyema,2021,Jan,1,8
Western,Sesheke,2021,Jan,1,7
Western,Kalabo,2021,Feb,2,2
Western,Kaoma,2021,Feb,2,3
Western,Limulunga,2021,Feb,2,1
Western,Luampa,2021,Feb,2,1
Western,Lukulu,2021,Feb,2,5
Western,Mongu,2021,Feb,2,2
Western,Nkeyema,2021,Feb,2,2
Western,Senanga,2021,Feb,2,0
Western,Kalabo,2021,Mar,3,9
Western,Kaoma,2021,Mar,3,10
Western,Limulunga,2021,Mar,3,14
Western,Luampa,2021,Mar,3,13
Western,Lukulu,2021,Mar,3,0
Western,Mitete,2021,Mar,3,9
Western,Mongu,2021,Mar,3,13
Western,Mulobezi,2021,Mar,3,6
Western,Mwandi,2021,Mar,3,14
Western,Nalolo,2021,Mar,3,11
Western,Nkeyema,2021,Mar,3,11
Western,Senanga,2021,Mar,3,4
Central,Kapiri Mposhi,2021,Jan,1,5
Central,Mkushi,2021,Jan,1,6
Central,Serenje,2021,Jan,1,5
Central,Chibombo,2021,Feb,2,10
Central,Kapiri Mposhi,2021,Feb,2,6
Central,Mkushi,2021,Feb,2,13
Central,Serenje,2021,Feb,2,10
Central,Chibombo,2021,Mar,3,12
Central,Kapiri Mposhi,2021,Mar,3,10
Central,Mumbwa,2021,Mar,3,0
Central,Ngabwe,2021,Mar,3,0
Central,Serenje,2021,Mar,3,5
Central,Shibuyunji,2021,Mar,3,6
Copperbelt,Chingola,2021,Jan,1,5
Copperbelt,Kalulushi,2021,Jan,1,4
Copperbelt,Kitwe,2021,Jan,1,8
Copperbelt,Luanshya,2021,Jan,1,9
Copperbelt,Lufwanyama,2021,Jan,1,12
Copperbelt,Mpongwe,2021,Jan,1,6
Copperbelt,Ndola,2021,Jan,1,15
Copperbelt,Chingola,2021,Feb,2,15
Copperbelt,Kalulushi,2021,Feb,2,7
Copperbelt,Luanshya,2021,Feb,2,12
Copperbelt,Lufwanyama,2021,Feb,2,13
Copperbelt,Mpongwe,2021,Feb,2,5
Copperbelt,Ndola,2021,Feb,2,5
Copperbelt,Chingola,2021,Mar,3,8
Copperbelt,Kalulushi,2021,Mar,3,4
Copperbelt,Kitwe,2021,Mar,3,9
Copperbelt,Luanshya,2021,Mar,3,5
Copperbelt,Lufwanyama,2021,Mar,3,11
Copperbelt,Masaiti,2021,Mar,3,3
Copperbelt,Mpongwe,2021,Mar,3,8
Copperbelt,Mufulira,2021,Mar,3,12
Copperbelt,Ndola,2021,Mar,3,9
Eastern,Chipata,2021,Jan,1,4
Eastern,Kasenengwa,2021,Jan,1,13
Eastern,Lundazi,2021,Jan,1,6
Eastern,Nyimba,2021,Jan,1,15
Eastern,Sinda,2021,Jan,1,2
Eastern,Vubwi,2021,Jan,1,8
Eastern,Chasefu,2021,Feb,2,2
Eastern,Chipangali,2021,Feb,2,10
Eastern,Chipata,2021,Feb,2,15
Eastern,Kasenengwa,2021,Feb,2,7
Eastern,Lumezi,2021,Feb,2,9
Eastern,Lundazi,2021,Feb,2,3
Eastern,Mambwe,2021,Feb,2,9
Eastern,Nyimba,2021,Feb,2,12
Eastern,Sinda,2021,Feb,2,7
Eastern,Vubwi,2021,Feb,2,1
Eastern,Chasefu,2021,Mar,3,7
Eastern,Chipata,2021,Mar,3,14
Eastern,Lundazi,2021,Mar,3,1
Eastern,Mambwe,2021,Mar,3,10
Eastern,Nyimba,2021,Mar,3,9
Eastern,Petauke,2021,Mar,3,5
Eastern,Vubwi,2021,Mar,3,15
Luapula,Chiengi,2021,Jan,1,12
Luapula,Chifunabuli,2021,Jan,1,8
Luapula,Kawambwa,2021,Jan,1,10
Luapula,Mansa,2021,Jan,1,0
Luapula,Mwense,2021,Jan,1,3
Luapula,Nchelenge,2021,Jan,1,10
Luapula,Samfya,2021,Jan,1,15
Luapula,Chiengi,2021,Feb,2,0
Luapula,Mansa,2021,Feb,2,6
Luapula,Milenge,2021,Feb,2,1
Luapula,Nchelenge,2021,Feb,2,11
Luapula,Chiengi,2021,Mar,3,8
Luapula,Chifunabuli,2021,Mar,3,15
Luapula,Mansa,2021,Mar,3,11
Luapula,Milenge,2021,Mar,3,14
Luapula,Nchelenge,2021,Mar,3,2
Lusaka,Chongwe,2021,Jan,1,4
Lusaka,Rufunsa,2021,Jan,1,5
Lusaka,Chilanga,2021,Feb,2,8
Lusaka,Rufunsa,2021,Feb,2,6
Lusaka,Chilanga,2021,Mar,3,7
Lusaka,Chongwe,2021,Mar,3,3
Lusaka,Rufunsa,2021,Mar,3,13
Muchinga,Isoka,2021,Jan,1,4
Muchinga,Kanchibiya,2021,Jan,1,2
Muchinga,Mpika,2021,Jan,1,3
Muchinga,Nakonde,2021,Jan,1,4
Muchinga,Shiwangandu,2021,Jan,1,5
Muchinga,Chama,2021,Feb,2,12
Muchinga,Isoka,2021,Feb,2,8
Muchinga,Mafinga,2021,Feb,2,15
Muchinga,Nakonde,2021,Feb,2,13
Muchinga,Shiwangandu,2021,Feb,2,2
Muchinga,Chama,2021,Mar,3,12
Muchinga,Isoka,2021,Mar,3,12
Muchinga,Mafinga,2021,Mar,3,10
Muchinga,Mpika,2021,Mar,3,13
Muchinga,Nakonde,2021,Mar,3,1
North Western,Chavuma,2021,Jan,1,7
North Western,Kabompo,2021,Jan,1,6
North Western,Kalumbila,2021,Jan,1,9
North Western,Kasempa,2021,Jan,1,4
North Western,Manyinga,2021,Jan,1,0
North Western,Mufumbwe,2021,Jan,1,14
North Western,Mushindamo,2021,Jan,1,6
North Western,Mwinilunga,2021,Jan,1,4
North Western,Solwezi,2021,Jan,1,0
North Western,Zambezi,2021,Jan,1,5
North Western,Chavuma,2021,Feb,2,4
North Western,Kalumbila,2021,Feb,2,13
North Western,Kasempa,2021,Feb,2,5
North Western,Manyinga,2021,Feb,2,7
North Western,Mufumbwe,2021,Feb,2,1
North Western,Mwinilunga,2021,Feb,2,7
North Western,Solwezi,2021,Feb,2,7
North Western,Ikelenge,2021,Mar,3,7
North Western,Kalumbila,2021,Mar,3,11
North Western,Kasempa,2021,Mar,3,5
North Western,Manyinga,2021,Mar,3,6
North Western,Mufumbwe,2021,Mar,3,10
North Western,Mushindamo,2021,Mar,3,15
North Western,Mwinilunga,2021,Mar,3,9
North Western,Solwezi,2021,Mar,3,14
North Western,Zambezi,2021,Mar,3,0
Northern,Chilubi,2021,Jan,1,7
Northern,Kasama,2021,Jan,1,12
Northern,Lunte,2021,Jan,1,15
Northern,Mbala,2021,Jan,1,3
Northern,Mpulungu,2021,Jan,1,10
Northern,Mungwi,2021,Jan,1,4
Northern,Senga Hill,2021,Jan,1,5
Northern,Chilubi,2021,Feb,2,1
Northern,Kaputa,2021,Feb,2,4
Northern,Kasama,2021,Feb,2,11
Northern,Lunte,2021,Feb,2,13
Northern,Luwingu,2021,Feb,2,11
Northern,Mbala,2021,Feb,2,1
Northern,Mpulungu,2021,Feb,2,8
Northern,Mungwi,2021,Feb,2,11
Northern,Senga Hill,2021,Feb,2,10
Northern,Chilubi,2021,Mar,3,0
Northern,Kasama,2021,Mar,3,7
Northern,Lunte,2021,Mar,3,8
Northern,Mbala,2021,Mar,3,10
Northern,Mporokoso,2021,Mar,3,4
Northern,Mpulungu,2021,Mar,3,3
Northern,Mungwi,2021,Mar,3,10
Northern,Senga Hill,2021,Mar,3,4
Southern,Chikankata,2021,Jan,1,8
Southern,Livingstone,2021,Jan,1,7
Southern,Monze,2021,Jan,1,3
Southern,Siavonga,2021,Jan,1,6
Southern,Sinazongwe,2021,Jan,1,7
Southern,Chikankata,2021,Feb,2,2
Southern,Livingstone,2021,Feb,2,5
Southern,Pemba,2021,Feb,2,6
Southern,Siavonga,2021,Feb,2,5
Southern,Sinazongwe,2021,Feb,2,12
Southern,Kazungula,2021,Mar,3,15
Southern,Mazabuka,2021,Mar,3,14
Southern,Monze,2021,Mar,3,1
Southern,Pemba,2021,Mar,3,10
Southern,Siavonga,2021,Mar,3,9
Western,Kalabo,2021,Jan,1,7
Western,Kaoma,2021,Jan,1,12
Western,Luampa,2021,Jan,1,6
Western,Lukulu,2021,Jan,1,3
Western,Mongu,2021,Jan,1,3
Western,Mulobezi,2021,Jan,1,13
Western,Nkeyema,2021,Jan,1,11
Western,Sesheke,2021,Jan,1,7
Western,Kalabo,2021,Feb,2,9
Western,Kaoma,2021,Feb,2,5
Western,Limulunga,2021,Feb,2,10
Western,Luampa,2021,Feb,2,11
Western,Lukulu,2021,Feb,2,13
Western,Mongu,2021,Feb,2,12
Western,Nkeyema,2021,Feb,2,4
Western,Senanga,2021,Feb,2,8
Western,Kalabo,2021,Mar,3,12
Western,Kaoma,2021,Mar,3,9
Western,Limulunga,2021,Mar,3,12
Western,Luampa,2021,Mar,3,12
Western,Lukulu,2021,Mar,3,15
Western,Mitete,2021,Mar,3,15
Western,Mongu,2021,Mar,3,15
Western,Mulobezi,2021,Mar,3,1
Western,Mwandi,2021,Mar,3,13
Western,Nalolo,2021,Mar,3,15
Western,Nkeyema,2021,Mar,3,7
Western,Senanga,2021,Mar,3,10
Central,Chibombo,2021,May,5,9
Central,Chibombo,2021,Jun,6,1
Central,Chisamba,2021,Apr,4,13
Central,Chisamba,2021,May,5,2
Central,Chisamba,2021,Jun,6,8
Central,Kabwe,2021,Apr,4,11
Central,Kabwe,2021,Jun,6,2
Central,Kapiri Mposhi,2021,Apr,4,10
Central,Kapiri Mposhi,2021,May,5,6
Central,Luano,2021,Jun,6,15
Central,Mkushi,2021,Apr,4,6
Central,Mkushi,2021,May,5,6
Central,Mkushi,2021,Jun,6,5
Central,Mumbwa,2021,Apr,4,6
Central,Mumbwa,2021,May,5,2
Central,Serenje,2021,Apr,4,14
Central,Serenje,2021,May,5,2
Central,Serenje,2021,Jun,6,3
Central,Shibuyunji,2021,Apr,4,12
Central,Shibuyunji,2021,Jun,6,1
Copperbelt,Chingola,2021,Apr,4,9
Copperbelt,Chingola,2021,Jun,6,0
Copperbelt,Kalulushi,2021,Apr,4,13
Copperbelt,Kitwe,2021,Apr,4,8
Copperbelt,Kitwe,2021,Jun,6,6
Copperbelt,Lufwanyama,2021,Apr,4,8
Copperbelt,Lufwanyama,2021,Jun,6,9
Copperbelt,Mpongwe,2021,Apr,4,9
Copperbelt,Mpongwe,2021,Jun,6,13
Copperbelt,Mufulira,2021,Apr,4,0
Copperbelt,Mufulira,2021,Jun,6,10
Copperbelt,Ndola,2021,Apr,4,7
Copperbelt,Ndola,2021,Jun,6,1
Eastern,Chadiza,2021,May,5,8
Eastern,Chasefu,2021,Apr,4,9
Eastern,Chasefu,2021,May,5,13
Eastern,Chasefu,2021,Jun,6,4
Eastern,Chipangali,2021,May,5,14
Eastern,Chipangali,2021,Jun,6,10
Eastern,Chipata,2021,Apr,4,10
Eastern,Chipata,2021,May,5,2
Eastern,Chipata,2021,Jun,6,4
Eastern,Kasenengwa,2021,May,5,5
Eastern,Kasenengwa,2021,Jun,6,0
Eastern,Katete,2021,Apr,4,15
Eastern,Katete,2021,Jun,6,13
Eastern,Lumezi,2021,Apr,4,15
Eastern,Lumezi,2021,May,5,12
Eastern,Lumezi,2021,Jun,6,8
Eastern,Lundazi,2021,Apr,4,0
Eastern,Lundazi,2021,Jun,6,6
Eastern,Lusangazi,2021,Jun,6,13
Eastern,Mambwe,2021,Jun,6,9
Eastern,Nyimba,2021,Apr,4,10
Eastern,Nyimba,2021,Jun,6,12
Eastern,Petauke,2021,Apr,4,3
Eastern,Petauke,2021,May,5,10
Eastern,Petauke,2021,Jun,6,0
Eastern,Vubwi,2021,Apr,4,11
Eastern,Vubwi,2021,May,5,8
Eastern,Vubwi,2021,Jun,6,14
Luapula,Chiengi,2021,Apr,4,10
Luapula,Chiengi,2021,May,5,8
Luapula,Chiengi,2021,Jun,6,11
Luapula,Chifunabuli,2021,May,5,13
Luapula,Kawambwa,2021,Apr,4,14
Luapula,Kawambwa,2021,Jun,6,11
Luapula,Lunga,2021,Jun,6,9
Luapula,Mansa,2021,May,5,9
Luapula,Mansa,2021,Jun,6,10
Luapula,Milenge,2021,Jun,6,6
Luapula,Mwansabombwe,2021,Apr,4,14
Luapula,Mwansabombwe,2021,Jun,6,5
Luapula,Mwense,2021,Apr,4,12
Luapula,Mwense,2021,May,5,8
Luapula,Mwense,2021,Jun,6,10
Luapula,Nchelenge,2021,Apr,4,8
Luapula,Nchelenge,2021,Jun,6,7
Luapula,Samfya,2021,Apr,4,12
Luapula,Samfya,2021,May,5,11
Luapula,Samfya,2021,Jun,6,7
Lusaka,Chilanga,2021,Apr,4,9
Lusaka,Chilanga,2021,Jun,6,6
Lusaka,Chongwe,2021,May,5,12
Lusaka,Luangwa,2021,Apr,4,12
Lusaka,Lusaka,2021,Apr,4,5
Lusaka,Lusaka,2021,May,5,0
Lusaka,Lusaka,2021,Jun,6,6
Lusaka,Rufunsa,2021,Apr,4,14
Lusaka,Rufunsa,2021,May,5,11
Muchinga,Chama,2021,May,5,6
Muchinga,Chama,2021,Jun,6,7
Muchinga,Chinsali,2021,May,5,10
Muchinga,Isoka,2021,Apr,4,9
Muchinga,Kanchibiya,2021,Apr,4,3
Muchinga,Kanchibiya,2021,Jun,6,15
Muchinga,Lavushi Manda,2021,Apr,4,13
Muchinga,Lavushi Manda,2021,May,5,8
Muchinga,Mafinga,2021,Apr,4,4
Muchinga,Mafinga,2021,May,5,1
Muchinga,Mafinga,2021,Jun,6,6
Muchinga,Mpika,2021,Apr,4,1
Muchinga,Mpika,2021,May,5,14
Muchinga,Mpika,2021,Jun,6,3
Muchinga,Nakonde,2021,Apr,4,13
Muchinga,Nakonde,2021,May,5,8
Muchinga,Nakonde,2021,Jun,6,4
Muchinga,Shiwangandu,2021,Apr,4,13
Muchinga,Shiwangandu,2021,May,5,15
Muchinga,Shiwangandu,2021,Jun,6,12
North Western,Chavuma,2021,Apr,4,1
North Western,Chavuma,2021,May,5,15
North Western,Chavuma,2021,Jun,6,4
North Western,Ikelenge,2021,May,5,14
North Western,Kabompo,2021,Jun,6,10
North Western,Kalumbila,2021,Jun,6,6
North Western,Kasempa,2021,Apr,4,0
North Western,Kasempa,2021,May,5,1
North Western,Kasempa,2021,Jun,6,12
North Western,Manyinga,2021,May,5,4
North Western,Manyinga,2021,Jun,6,8
North Western,Mufumbwe,2021,Apr,4,2
North Western,Mufumbwe,2021,May,5,5
North Western,Mufumbwe,2021,Jun,6,2
North Western,Mushindamo,2021,Apr,4,13
North Western,Mushindamo,2021,May,5,7
North Western,Mushindamo,2021,Jun,6,0
North Western,Mwinilunga,2021,Apr,4,7
North Western,Mwinilunga,2021,May,5,10
North Western,Mwinilunga,2021,Jun,6,3
North Western,Solwezi,2021,May,5,10
North Western,Solwezi,2021,Jun,6,4
North Western,Zambezi,2021,Apr,4,2
North Western,Zambezi,2021,May,5,12
North Western,Zambezi,2021,Jun,6,9
Northern,Chilubi,2021,Apr,4,6
Northern,Chilubi,2021,May,5,8
Northern,Chilubi,2021,Jun,6,12
Northern,Kasama,2021,Apr,4,12
Northern,Kasama,2021,May,5,13
Northern,Kasama,2021,Jun,6,15
Northern,Lunte,2021,Apr,4,13
Northern,Lunte,2021,May,5,9
Northern,Luwingu,2021,Apr,4,1
Northern,Luwingu,2021,May,5,1
Northern,Luwingu,2021,Jun,6,7
Northern,Mbala,2021,Apr,4,3
Northern,Mbala,2021,Jun,6,11
Northern,Mporokoso,2021,Apr,4,5
Northern,Mporokoso,2021,Jun,6,10
Northern,Mpulungu,2021,Apr,4,1
Northern,Mpulungu,2021,May,5,4
Northern,Mpulungu,2021,Jun,6,13
Northern,Mungwi,2021,Apr,4,15
Northern,Mungwi,2021,May,5,0
Northern,Nsama,2021,Apr,4,3
Northern,Senga Hill,2021,Apr,4,11
Southern,Chikankata,2021,Apr,4,12
Southern,Gwembe,2021,May,5,9
Southern,Kalomo,2021,Apr,4,13
Southern,Kazungula,2021,Apr,4,0
Southern,Livingstone,2021,May,5,3
Southern,Livingstone,2021,Jun,6,0
Southern,Mazabuka,2021,May,5,0
Southern,Monze,2021,Apr,4,9
Southern,Monze,2021,May,5,3
Southern,Monze,2021,Jun,6,12
Southern,Pemba,2021,May,5,12
Southern,Siavonga,2021,Apr,4,10
Southern,Sinazongwe,2021,May,5,4
Southern,Sinazongwe,2021,Jun,6,6
Western,Kalabo,2021,Apr,4,12
Western,Kalabo,2021,May,5,7
Western,Kaoma,2021,Apr,4,11
Western,Kaoma,2021,May,5,0
Western,Kaoma,2021,Jun,6,3
Western,Limulunga,2021,Apr,4,3
Western,Limulunga,2021,Jun,6,7
Western,Luampa,2021,Apr,4,4
Western,Lukulu,2021,Apr,4,15
Western,Lukulu,2021,Jun,6,7
Western,Mitete,2021,Apr,4,11
Western,Mitete,2021,Jun,6,15
Western,Mongu,2021,Apr,4,0
Western,Mongu,2021,May,5,13
Western,Mongu,2021,Jun,6,7
Western,Mulobezi,2021,Apr,4,1
Western,Mulobezi,2021,Jun,6,9
Western,Mwandi,2021,Apr,4,9
Western,Nalolo,2021,Apr,4,1
Western,Nkeyema,2021,Apr,4,9
Western,Nkeyema,2021,May,5,11
Western,Senanga,2021,Apr,4,4
Western,Senanga,2021,May,5,9
Western,Senanga,2021,Jun,6,13
Western,Sesheke,2021,Apr,4,12
Western,Sesheke,2021,Jun,6,8
Western,Sikongo,2021,Apr,4,9
Western,Sikongo,2021,Jun,6,1
Western,Sioma,2021,May,5,12
Central,Chibombo,2021,May,5,5
Central,Chibombo,2021,Jun,6,10
Central,Chisamba,2021,Apr,4,6
Central,Chisamba,2021,May,5,9
Central,Chisamba,2021,Jun,6,4
Central,Kabwe,2021,Apr,4,2
Central,Kabwe,2021,Jun,6,1
Central,Kapiri Mposhi,2021,Apr,4,1
Central,Kapiri Mposhi,2021,May,5,10
Central,Luano,2021,Jun,6,14
Central,Mkushi,2021,Apr,4,6
Central,Mkushi,2021,May,5,5
Central,Mkushi,2021,Jun,6,14
Central,Mumbwa,2021,Apr,4,6
Central,Mumbwa,2021,May,5,6
Central,Serenje,2021,Apr,4,2
Central,Serenje,2021,May,5,9
Central,Serenje,2021,Jun,6,15
Central,Shibuyunji,2021,Apr,4,7
Central,Shibuyunji,2021,Jun,6,15
Copperbelt,Chingola,2021,Apr,4,2
Copperbelt,Chingola,2021,Jun,6,15
Copperbelt,Kalulushi,2021,Apr,4,2
Copperbelt,Kitwe,2021,Apr,4,3
Copperbelt,Kitwe,2021,Jun,6,8
Copperbelt,Lufwanyama,2021,Apr,4,10
Copperbelt,Lufwanyama,2021,Jun,6,0
Copperbelt,Mpongwe,2021,Apr,4,8
Copperbelt,Mpongwe,2021,Jun,6,8
Copperbelt,Mufulira,2021,Apr,4,14
Copperbelt,Mufulira,2021,Jun,6,14
Copperbelt,Ndola,2021,Apr,4,15
Copperbelt,Ndola,2021,Jun,6,0
Eastern,Chadiza,2021,May,5,1
Eastern,Chasefu,2021,Apr,4,3
Eastern,Chasefu,2021,May,5,11
Eastern,Chasefu,2021,Jun,6,14
Eastern,Chipangali,2021,May,5,5
Eastern,Chipangali,2021,Jun,6,7
Eastern,Chipata,2021,Apr,4,0
Eastern,Chipata,2021,May,5,0
Eastern,Chipata,2021,Jun,6,1
Eastern,Kasenengwa,2021,May,5,0
Eastern,Kasenengwa,2021,Jun,6,8
Eastern,Katete,2021,Apr,4,7
Eastern,Katete,2021,Jun,6,11
Eastern,Lumezi,2021,Apr,4,1
Eastern,Lumezi,2021,May,5,2
Eastern,Lumezi,2021,Jun,6,13
Eastern,Lundazi,2021,Apr,4,11
Eastern,Lundazi,2021,Jun,6,3
Eastern,Lusangazi,2021,Jun,6,0
Eastern,Mambwe,2021,Jun,6,1
Eastern,Nyimba,2021,Apr,4,10
Eastern,Nyimba,2021,Jun,6,9
Eastern,Petauke,2021,Apr,4,2
Eastern,Petauke,2021,May,5,11
Eastern,Petauke,2021,Jun,6,1
Eastern,Vubwi,2021,Apr,4,7
Eastern,Vubwi,2021,May,5,1
Eastern,Vubwi,2021,Jun,6,4
Luapula,Chiengi,2021,Apr,4,14
Luapula,Chiengi,2021,May,5,12
Luapula,Chiengi,2021,Jun,6,13
Luapula,Chifunabuli,2021,May,5,1
Luapula,Kawambwa,2021,Apr,4,2
Luapula,Kawambwa,2021,Jun,6,13
Luapula,Lunga,2021,Jun,6,13
Luapula,Mansa,2021,May,5,11
Luapula,Mansa,2021,Jun,6,8
Luapula,Milenge,2021,Jun,6,15
Luapula,Mwansabombwe,2021,Apr,4,5
Luapula,Mwansabombwe,2021,Jun,6,9
Luapula,Mwense,2021,Apr,4,11
Luapula,Mwense,2021,May,5,0
Luapula,Mwense,2021,Jun,6,10
Luapula,Nchelenge,2021,Apr,4,13
Luapula,Nchelenge,2021,Jun,6,4
Luapula,Samfya,2021,Apr,4,2
Luapula,Samfya,2021,May,5,7
Luapula,Samfya,2021,Jun,6,5
Lusaka,Chilanga,2021,Apr,4,10
Lusaka,Chilanga,2021,Jun,6,13
Lusaka,Chongwe,2021,May,5,9
Lusaka,Luangwa,2021,Apr,4,10
Lusaka,Lusaka,2021,Apr,4,7
Lusaka,Lusaka,2021,May,5,7
Lusaka,Lusaka,2021,Jun,6,9
Lusaka,Rufunsa,2021,Apr,4,10
Lusaka,Rufunsa,2021,May,5,1
Muchinga,Chama,2021,May,5,9
Muchinga,Chama,2021,Jun,6,10
Muchinga,Chinsali,2021,May,5,12
Muchinga,Isoka,2021,Apr,4,2
Muchinga,Kanchibiya,2021,Apr,4,12
Muchinga,Kanchibiya,2021,Jun,6,14
Muchinga,Lavushi Manda,2021,Apr,4,11
Muchinga,Lavushi Manda,2021,May,5,5
Muchinga,Mafinga,2021,Apr,4,11
Muchinga,Mafinga,2021,May,5,0
Muchinga,Mafinga,2021,Jun,6,15
Muchinga,Mpika,2021,Apr,4,15
Muchinga,Mpika,2021,May,5,9
Muchinga,Mpika,2021,Jun,6,6
Muchinga,Nakonde,2021,Apr,4,10
Muchinga,Nakonde,2021,May,5,8
Muchinga,Nakonde,2021,Jun,6,6
Muchinga,Shiwangandu,2021,Apr,4,8
Muchinga,Shiwangandu,2021,May,5,5
Muchinga,Shiwangandu,2021,Jun,6,11
North Western,Chavuma,2021,Apr,4,4
North Western,Chavuma,2021,May,5,9
North Western,Chavuma,2021,Jun,6,4
North Western,Ikelenge,2021,May,5,0
North Western,Kabompo,2021,Jun,6,10
North Western,Kalumbila,2021,Jun,6,13
North Western,Kasempa,2021,Apr,4,8
North Western,Kasempa,2021,May,5,11
North Western,Kasempa,2021,Jun,6,8
North Western,Manyinga,2021,May,5,10
North Western,Manyinga,2021,Jun,6,0
North Western,Mufumbwe,2021,Apr,4,6
North Western,Mufumbwe,2021,May,5,9
North Western,Mufumbwe,2021,Jun,6,2
North Western,Mushindamo,2021,Apr,4,1
North Western,Mushindamo,2021,May,5,5
North Western,Mushindamo,2021,Jun,6,10
North Western,Mwinilunga,2021,Apr,4,0
North Western,Mwinilunga,2021,May,5,3
North Western,Mwinilunga,2021,Jun,6,3
North Western,Solwezi,2021,May,5,4
North Western,Solwezi,2021,Jun,6,14
North Western,Zambezi,2021,Apr,4,5
North Western,Zambezi,2021,May,5,4
North Western,Zambezi,2021,Jun,6,6
Northern,Chilubi,2021,Apr,4,13
Northern,Chilubi,2021,May,5,0
Northern,Chilubi,2021,Jun,6,6
Northern,Kasama,2021,Apr,4,12
Northern,Kasama,2021,May,5,2
Northern,Kasama,2021,Jun,6,2
Northern,Lunte,2021,Apr,4,6
Northern,Lunte,2021,May,5,14
Northern,Luwingu,2021,Apr,4,4
Northern,Luwingu,2021,May,5,1
Northern,Luwingu,2021,Jun,6,13
Northern,Mbala,2021,Apr,4,7
Northern,Mbala,2021,Jun,6,3
Northern,Mporokoso,2021,Apr,4,6
Northern,Mporokoso,2021,Jun,6,1
Northern,Mpulungu,2021,Apr,4,15
Northern,Mpulungu,2021,May,5,8
Northern,Mpulungu,2021,Jun,6,13
Northern,Mungwi,2021,Apr,4,11
Northern,Mungwi,2021,May,5,8
Northern,Nsama,2021,Apr,4,13
Northern,Senga Hill,2021,Apr,4,3
Southern,Chikankata,2021,Apr,4,2
Southern,Gwembe,2021,May,5,7
Southern,Kalomo,2021,Apr,4,5
Southern,Kazungula,2021,Apr,4,15
Southern,Livingstone,2021,May,5,11
Southern,Livingstone,2021,Jun,6,13
Southern,Mazabuka,2021,May,5,0
Southern,Monze,2021,Apr,4,0
Southern,Monze,2021,May,5,1
Southern,Monze,2021,Jun,6,7
Southern,Pemba,2021,May,5,1
Southern,Siavonga,2021,Apr,4,0
Southern,Sinazongwe,2021,May,5,3
Southern,Sinazongwe,2021,Jun,6,14
Western,Kalabo,2021,Apr,4,14
Western,Kalabo,2021,May,5,14
Western,Kaoma,2021,Apr,4,11
Western,Kaoma,2021,May,5,0
Western,Kaoma,2021,Jun,6,8
Western,Limulunga,2021,Apr,4,11
Western,Limulunga,2021,Jun,6,14
Western,Luampa,2021,Apr,4,6
Western,Lukulu,2021,Apr,4,6
Western,Lukulu,2021,Jun,6,12
Western,Mitete,2021,Apr,4,4
Western,Mitete,2021,Jun,6,1
Western,Mongu,2021,Apr,4,7
Western,Mongu,2021,May,5,12
Western,Mongu,2021,Jun,6,1
Western,Mulobezi,2021,Apr,4,1
Western,Mulobezi,2021,Jun,6,13
Western,Mwandi,2021,Apr,4,14
Western,Nalolo,2021,Apr,4,7
Western,Nkeyema,2021,Apr,4,2
Western,Nkeyema,2021,May,5,15
Western,Senanga,2021,Apr,4,1
Western,Senanga,2021,May,5,15
Western,Senanga,2021,Jun,6,2
Western,Sesheke,2021,Apr,4,1
Western,Sesheke,2021,Jun,6,15
Western,Sikongo,2021,Apr,4,11
Western,Sikongo,2021,Jun,6,15
Western,Sioma,2021,May,5,14
Central,Chibombo,2021,Jul,7,8
Central,Chibombo,2021,Aug,8,6
Central,Chibombo,2021,Sep,9,13
Central,Chisamba,2021,Jul,7,1
Central,Chisamba,2021,Aug,8,1
Central,Chisamba,2021,Sep,9,5
Central,Chitambo,2021,Jul,7,2
Central,Chitambo,2021,Aug,8,14
Central,Chitambo,2021,Sep,9,6
Central,Itezhi-tezhi,2021,Jul,7,13
Central,Itezhi-tezhi,2021,Aug,8,6
Central,Itezhi-tezhi,2021,Sep,9,1
Central,Kabwe,2021,Jul,7,12
Central,Kabwe,2021,Aug,8,5
Central,Kabwe,2021,Sep,9,13
Central,Kapiri Mposhi,2021,Jul,7,5
Central,Kapiri Mposhi,2021,Aug,8,4
Central,Kapiri Mposhi,2021,Sep,9,2
Central,Luano,2021,Jul,7,9
Central,Luano,2021,Aug,8,2
Central,Luano,2021,Sep,9,0
Central,Mkushi,2021,Jul,7,5
Central,Mkushi,2021,Aug,8,11
Central,Mkushi,2021,Sep,9,1
Central,Mumbwa,2021,Jul,7,15
Central,Mumbwa,2021,Aug,8,11
Central,Mumbwa,2021,Sep,9,12
Central,Ngabwe,2021,Jul,7,2
Central,Ngabwe,2021,Aug,8,11
Central,Ngabwe,2021,Sep,9,9
Central,Serenje,2021,Jul,7,10
Central,Serenje,2021,Aug,8,11
Central,Serenje,2021,Sep,9,2
Central,Shibuyunji,2021,Jul,7,5
Central,Shibuyunji,2021,Aug,8,5
Central,Shibuyunji,2021,Sep,9,8
Copperbelt,Chililabombwe,2021,Jul,7,9
Copperbelt,Chililabombwe,2021,Aug,8,0
Copperbelt,Chililabombwe,2021,Sep,9,10
Copperbelt,Chingola,2021,Jul,7,7
Copperbelt,Chingola,2021,Aug,8,9
Copperbelt,Chingola,2021,Sep,9,8
Copperbelt,Kalulushi,2021,Jul,7,2
Copperbelt,Kalulushi,2021,Aug,8,11
Copperbelt,Kalulushi,2021,Sep,9,4
Copperbelt,Kitwe,2021,Jul,7,8
Copperbelt,Kitwe,2021,Aug,8,15
Copperbelt,Kitwe,2021,Sep,9,14
Copperbelt,Luanshya,2021,Jul,7,10
Copperbelt,Luanshya,2021,Aug,8,12
Copperbelt,Luanshya,2021,Sep,9,9
Copperbelt,Lufwanyama,2021,Jul,7,1
Copperbelt,Lufwanyama,2021,Aug,8,0
Copperbelt,Lufwanyama,2021,Sep,9,11
Copperbelt,Masaiti,2021,Jul,7,4
Copperbelt,Masaiti,2021,Aug,8,14
Copperbelt,Masaiti,2021,Sep,9,8
Copperbelt,Mpongwe,2021,Jul,7,6
Copperbelt,Mpongwe,2021,Aug,8,3
Copperbelt,Mpongwe,2021,Sep,9,7
Copperbelt,Mufulira,2021,Jul,7,7
Copperbelt,Mufulira,2021,Aug,8,9
Copperbelt,Mufulira,2021,Sep,9,2
Copperbelt,Ndola,2021,Jul,7,15
Copperbelt,Ndola,2021,Aug,8,8
Copperbelt,Ndola,2021,Sep,9,12
Eastern,Chadiza,2021,Jul,7,7
Eastern,Chadiza,2021,Aug,8,11
Eastern,Chadiza,2021,Sep,9,14
Eastern,Chasefu,2021,Jul,7,7
Eastern,Chasefu,2021,Aug,8,10
Eastern,Chasefu,2021,Sep,9,1
Eastern,Chipangali,2021,Jul,7,3
Eastern,Chipangali,2021,Aug,8,10
Eastern,Chipangali,2021,Sep,9,11
Eastern,Chipata,2021,Jul,7,1
Eastern,Chipata,2021,Aug,8,3
Eastern,Chipata,2021,Sep,9,9
Eastern,Kasenengwa,2021,Jul,7,3
Eastern,Kasenengwa,2021,Aug,8,3
Eastern,Kasenengwa,2021,Sep,9,9
Eastern,Katete,2021,Jul,7,4
Eastern,Katete,2021,Aug,8,1
Eastern,Katete,2021,Sep,9,6
Eastern,Lumezi,2021,Jul,7,13
Eastern,Lumezi,2021,Aug,8,12
Eastern,Lumezi,2021,Sep,9,6
Eastern,Lundazi,2021,Jul,7,9
Eastern,Lundazi,2021,Aug,8,4
Eastern,Lundazi,2021,Sep,9,7
Eastern,Lusangazi,2021,Jul,7,5
Eastern,Lusangazi,2021,Aug,8,11
Eastern,Lusangazi,2021,Sep,9,13
Eastern,Mambwe,2021,Jul,7,1
Eastern,Mambwe,2021,Aug,8,7
Eastern,Mambwe,2021,Sep,9,1
Eastern,Nyimba,2021,Jul,7,4
Eastern,Nyimba,2021,Aug,8,11
Eastern,Nyimba,2021,Sep,9,2
Eastern,Petauke,2021,Jul,7,1
Eastern,Petauke,2021,Aug,8,6
Eastern,Petauke,2021,Sep,9,0
Eastern,Sinda,2021,Jul,7,6
Eastern,Sinda,2021,Aug,8,8
Eastern,Sinda,2021,Sep,9,10
Eastern,Vubwi,2021,Jul,7,11
Eastern,Vubwi,2021,Aug,8,15
Eastern,Vubwi,2021,Sep,9,14
Luapula,Chembe,2021,Jul,7,0
Luapula,Chembe,2021,Sep,9,7
Luapula,Chiengi,2021,Jul,7,6
Luapula,Chiengi,2021,Aug,8,15
Luapula,Chiengi,2021,Sep,9,2
Luapula,Chifunabuli,2021,Jul,7,14
Luapula,Chifunabuli,2021,Aug,8,14
Luapula,Chifunabuli,2021,Sep,9,11
Luapula,Chipili,2021,Jul,7,10
Luapula,Chipili,2021,Aug,8,2
Luapula,Chipili,2021,Sep,9,8
Luapula,Kawambwa,2021,Jul,7,6
Luapula,Kawambwa,2021,Aug,8,5
Luapula,Kawambwa,2021,Sep,9,4
Luapula,Lunga,2021,Jul,7,3
Luapula,Lunga,2021,Aug,8,13
Luapula,Lunga,2021,Sep,9,14
Luapula,Mansa,2021,Jul,7,11
Luapula,Mansa,2021,Aug,8,11
Luapula,Mansa,2021,Sep,9,10
Luapula,Milenge,2021,Aug,8,2
Luapula,Milenge,2021,Sep,9,2
Luapula,Mwansabombwe,2021,Jul,7,10
Luapula,Mwansabombwe,2021,Aug,8,10
Luapula,Mwansabombwe,2021,Sep,9,3
Luapula,Mwense,2021,Jul,7,14
Luapula,Mwense,2021,Aug,8,9
Luapula,Mwense,2021,Sep,9,3
Luapula,Nchelenge,2021,Jul,7,3
Luapula,Nchelenge,2021,Aug,8,8
Luapula,Nchelenge,2021,Sep,9,7
Luapula,Samfya,2021,Jul,7,3
Luapula,Samfya,2021,Aug,8,13
Luapula,Samfya,2021,Sep,9,2
Lusaka,Chilanga,2021,Jul,7,10
Lusaka,Chilanga,2021,Aug,8,15
Lusaka,Chilanga,2021,Sep,9,1
Lusaka,Chirundu,2021,Jul,7,3
Lusaka,Chirundu,2021,Aug,8,3
Lusaka,Chirundu,2021,Sep,9,3
Lusaka,Chongwe,2021,Jul,7,5
Lusaka,Chongwe,2021,Aug,8,12
Lusaka,Chongwe,2021,Sep,9,4
Lusaka,Kafue,2021,Jul,7,15
Lusaka,Kafue,2021,Aug,8,8
Lusaka,Kafue,2021,Sep,9,12
Lusaka,Luangwa,2021,Jul,7,3
Lusaka,Luangwa,2021,Aug,8,13
Lusaka,Luangwa,2021,Sep,9,3
Lusaka,Lusaka,2021,Jul,7,10
Lusaka,Lusaka,2021,Aug,8,13
Lusaka,Lusaka,2021,Sep,9,1
Lusaka,Rufunsa,2021,Jul,7,1
Lusaka,Rufunsa,2021,Aug,8,1
Lusaka,Rufunsa,2021,Sep,9,6
Muchinga,Chama,2021,Jul,7,2
Muchinga,Chama,2021,Sep,9,10
Muchinga,Chinsali,2021,Jul,7,4
Muchinga,Chinsali,2021,Aug,8,14
Muchinga,Chinsali,2021,Sep,9,9
Muchinga,Isoka,2021,Jul,7,13
Muchinga,Isoka,2021,Aug,8,2
Muchinga,Isoka,2021,Sep,9,5
Muchinga,Kanchibiya,2021,Jul,7,7
Muchinga,Kanchibiya,2021,Aug,8,1
Muchinga,Kanchibiya,2021,Sep,9,2
Muchinga,Lavushi Manda,2021,Jul,7,0
Muchinga,Lavushi Manda,2021,Aug,8,13
Muchinga,Lavushi Manda,2021,Sep,9,13
Muchinga,Mafinga,2021,Jul,7,11
Muchinga,Mafinga,2021,Aug,8,4
Muchinga,Mafinga,2021,Sep,9,14
Muchinga,Mpika,2021,Jul,7,6
Muchinga,Mpika,2021,Aug,8,6
Muchinga,Mpika,2021,Sep,9,1
Muchinga,Nakonde,2021,Jul,7,6
Muchinga,Nakonde,2021,Aug,8,13
Muchinga,Nakonde,2021,Sep,9,11
Muchinga,Shiwangandu,2021,Jul,7,14
Muchinga,Shiwangandu,2021,Aug,8,0
Muchinga,Shiwangandu,2021,Sep,9,15
North Western,Chavuma,2021,Jul,7,3
North Western,Chavuma,2021,Aug,8,2
North Western,Chavuma,2021,Sep,9,10
North Western,Ikelenge,2021,Jul,7,10
North Western,Ikelenge,2021,Aug,8,11
North Western,Ikelenge,2021,Sep,9,15
North Western,Kabompo,2021,Jul,7,15
North Western,Kabompo,2021,Aug,8,7
North Western,Kabompo,2021,Sep,9,6
North Western,Kalumbila,2021,Jul,7,9
North Western,Kalumbila,2021,Aug,8,13
North Western,Kalumbila,2021,Sep,9,9
North Western,Kasempa,2021,Jul,7,12
North Western,Kasempa,2021,Aug,8,5
North Western,Kasempa,2021,Sep,9,8
North Western,Manyinga,2021,Jul,7,1
North Western,Manyinga,2021,Aug,8,7
North Western,Manyinga,2021,Sep,9,2
North Western,Mufumbwe,2021,Jul,7,8
North Western,Mufumbwe,2021,Aug,8,14
North Western,Mufumbwe,2021,Sep,9,11
North Western,Mushindamo,2021,Jul,7,1
North Western,Mushindamo,2021,Aug,8,6
North Western,Mushindamo,2021,Sep,9,1
North Western,Mwinilunga,2021,Jul,7,4
North Western,Mwinilunga,2021,Aug,8,12
North Western,Mwinilunga,2021,Sep,9,3
North Western,Solwezi,2021,Jul,7,9
North Western,Solwezi,2021,Aug,8,6
North Western,Solwezi,2021,Sep,9,15
North Western,Zambezi,2021,Jul,7,8
North Western,Zambezi,2021,Aug,8,6
North Western,Zambezi,2021,Sep,9,2
Northern,Chilubi,2021,Jul,7,10
Northern,Chilubi,2021,Aug,8,2
Northern,Chilubi,2021,Sep,9,9
Northern,Kaputa,2021,Jul,7,0
Northern,Kaputa,2021,Aug,8,14
Northern,Kaputa,2021,Sep,9,7
Northern,Kasama,2021,Jul,7,1
Northern,Kasama,2021,Aug,8,14
Northern,Kasama,2021,Sep,9,11
Northern,Lunte,2021,Jul,7,11
Northern,Lunte,2021,Aug,8,6
Northern,Lunte,2021,Sep,9,10
Northern,Lupososhi,2021,Jul,7,3
Northern,Lupososhi,2021,Aug,8,5
Northern,Lupososhi,2021,Sep,9,12
Northern,Luwingu,2021,Jul,7,14
Northern,Luwingu,2021,Aug,8,15
Northern,Luwingu,2021,Sep,9,11
Northern,Mbala,2021,Jul,7,0
Northern,Mbala,2021,Aug,8,11
Northern,Mbala,2021,Sep,9,11
Northern,Mporokoso,2021,Jul,7,6
Northern,Mporokoso,2021,Aug,8,11
Northern,Mporokoso,2021,Sep,9,5
Northern,Mpulungu,2021,Jul,7,3
Northern,Mpulungu,2021,Aug,8,9
Northern,Mpulungu,2021,Sep,9,14
Northern,Mungwi,2021,Jul,7,3
Northern,Mungwi,2021,Aug,8,0
Northern,Mungwi,2021,Sep,9,4
Northern,Nsama,2021,Jul,7,3
Northern,Nsama,2021,Aug,8,14
Northern,Nsama,2021,Sep,9,9
Northern,Senga Hill,2021,Jul,7,5
Northern,Senga Hill,2021,Aug,8,5
Northern,Senga Hill,2021,Sep,9,14
Southern,Chikankata,2021,Jul,7,15
Southern,Chikankata,2021,Aug,8,2
Southern,Chikankata,2021,Sep,9,1
Southern,Choma,2021,Jul,7,1
Southern,Choma,2021,Aug,8,7
Southern,Choma,2021,Sep,9,6
Southern,Gwembe,2021,Jul,7,12
Southern,Gwembe,2021,Aug,8,2
Southern,Gwembe,2021,Sep,9,4
Southern,Kalomo,2021,Jul,7,10
Southern,Kalomo,2021,Aug,8,2
Southern,Kalomo,2021,Sep,9,4
Southern,Kazungula,2021,Jul,7,13
Southern,Kazungula,2021,Aug,8,8
Southern,Kazungula,2021,Sep,9,6
Southern,Livingstone,2021,Jul,7,5
Southern,Livingstone,2021,Aug,8,13
Southern,Livingstone,2021,Sep,9,15
Southern,Mazabuka,2021,Jul,7,2
Southern,Mazabuka,2021,Aug,8,5
Southern,Mazabuka,2021,Sep,9,4
Southern,Monze,2021,Jul,7,6
Southern,Monze,2021,Aug,8,8
Southern,Monze,2021,Sep,9,1
Southern,Namwala,2021,Jul,7,6
Southern,Pemba,2021,Jul,7,7
Southern,Pemba,2021,Aug,8,4
Southern,Pemba,2021,Sep,9,3
Southern,Siavonga,2021,Jul,7,5
Southern,Siavonga,2021,Aug,8,10
Southern,Siavonga,2021,Sep,9,10
Southern,Sinazongwe,2021,Jul,7,3
Southern,Sinazongwe,2021,Aug,8,2
Southern,Sinazongwe,2021,Sep,9,4
Southern,Zimba,2021,Jul,7,8
Southern,Zimba,2021,Aug,8,4
Southern,Zimba,2021,Sep,9,9
Western,Kalabo,2021,Jul,7,5
Western,Kalabo,2021,Aug,8,11
Western,Kalabo,2021,Sep,9,10
Western,Kaoma,2021,Jul,7,2
Western,Kaoma,2021,Aug,8,5
Western,Kaoma,2021,Sep,9,7
Western,Limulunga,2021,Jul,7,9
Western,Limulunga,2021,Aug,8,11
Western,Limulunga,2021,Sep,9,14
Western,Luampa,2021,Jul,7,6
Western,Luampa,2021,Aug,8,3
Western,Luampa,2021,Sep,9,8
Western,Lukulu,2021,Jul,7,2
Western,Lukulu,2021,Aug,8,4
Western,Lukulu,2021,Sep,9,9
Western,Mitete,2021,Jul,7,15
Western,Mitete,2021,Aug,8,4
Western,Mitete,2021,Sep,9,14
Western,Mongu,2021,Jul,7,9
Western,Mongu,2021,Aug,8,14
Western,Mongu,2021,Sep,9,1
Western,Mulobezi,2021,Jul,7,2
Western,Mulobezi,2021,Aug,8,12
Western,Mulobezi,2021,Sep,9,8
Western,Mwandi,2021,Jul,7,12
Western,Mwandi,2021,Aug,8,10
Western,Mwandi,2021,Sep,9,15
Western,Nalolo,2021,Jul,7,1
Western,Nalolo,2021,Aug,8,15
Western,Nkeyema,2021,Jul,7,7
Western,Nkeyema,2021,Aug,8,8
Western,Nkeyema,2021,Sep,9,15
Western,Senanga,2021,Jul,7,15
Western,Senanga,2021,Aug,8,1
Western,Senanga,2021,Sep,9,3
Western,Sesheke,2021,Jul,7,14
Western,Sesheke,2021,Aug,8,12
Western,Sesheke,2021,Sep,9,14
Western,Shangombo,2021,Jul,7,11
Western,Shangombo,2021,Sep,9,0
Western,Sikongo,2021,Jul,7,3
Western,Sikongo,2021,Aug,8,9
Western,Sikongo,2021,Sep,9,6
Western,Sioma,2021,Jul,7,6
Western,Sioma,2021,Aug,8,8
Western,Sioma,2021,Sep,9,3
